exp,epoch,dataset,path,HOTA,DetA,AssA,DetRe,DetPr,AssRe,AssPr,LocA,RHOTA,HOTA(0),LocA(0),HOTALocA(0),MOTA,MOTP,MODA,CLR_Re,CLR_Pr,MTR,PTR,MLR,CLR_TP,CLR_FN,CLR_FP,IDSW,MT,PT,ML,Frag,sMOTA,Dets,GT_Dets,IDs,GT_IDs,IDF1,IDR,IDP,IDTP,IDFN,IDFP
bytetrack_fa_mot_mot17,0.0,MOT17-train,/gemini/code/FMtrack-main/FM-Track/outputs/bytetrack_fa_mot_mot17/val/epoch_0/tracker/MOT17-train/pedestrian_summary.txt,8.0358,73.53,0.88215,79.48,86.302,0.93615,99.679,88.838,8.3492,9.5783,84.512,8.0948,-3.9854,88.242,79.084,85.589,92.936,40.278,39.815,19.907,46624.0,7850.0,3544.0,45251.0,87.0,86.0,43.0,295.0,-14.049,50168.0,54474.0,48873.0,216.0,,,,,,
bytetrack_fa_mot_mot17,0.0,MOT17-train,/gemini/code/FMtrack-main/FM-Track/outputs/bytetrack_fa_mot_mot17/val/epoch_0/tracker_min2/MOT17-train/pedestrian_summary.txt,14.732,9.8149,22.161,9.9961,77.282,27.444,59.644,84.271,14.872,18.075,79.226,14.32,8.6041,82.873,10.276,11.606,89.725,37.5,21.296,41.204,6322.0,48152.0,724.0,911.0,81.0,46.0,89.0,186.0,6.6164,7046.0,54474.0,367.0,216.0,10.419,5.8835,45.487,3205.0,51269.0,3841.0
bytetrack_fa_mot_mot17,1.0,MOT17-train,/gemini/code/FMtrack-main/FM-Track/outputs/bytetrack_fa_mot_mot17/val/epoch_1/tracker/MOT17-train/pedestrian_summary.txt,10.209,73.612,1.4216,79.568,86.3,1.5009,99.588,88.826,10.604,12.116,84.518,10.24,-2.9684,88.235,79.203,85.701,92.952,40.278,39.815,19.907,46685.0,7789.0,3540.0,44762.0,87.0,86.0,43.0,307.0,-13.051,50225.0,54474.0,48354.0,216.0,,,,,,
bytetrack_fa_mot_mot17,10.0,MOT17-train,/gemini/code/FMtrack-main/FM-Track/outputs/bytetrack_fa_mot_mot17/val/epoch_10/tracker/MOT17-train/pedestrian_summary.txt,13.095,73.858,2.3276,81.693,83.914,5.4449,85.419,88.306,13.77,16.56,82.675,13.691,4.6279,87.948,78.489,87.921,90.312,61.111,30.093,8.7963,47894.0,6580.0,5138.0,40235.0,132.0,65.0,19.0,310.0,-5.9679,53032.0,54474.0,42219.0,216.0,5.9997,5.9203,6.0812,3225.0,51249.0,49807.0
bytetrack_fa_mot_mot17,19.0,MOT17-train,/gemini/code/FMtrack-main/FM-Track/outputs/bytetrack_fa_mot_mot17/val/epoch_19/tracker/MOT17-train/pedestrian_summary.txt,8.8847,73.859,1.0754,81.663,83.943,3.6274,92.699,88.298,9.3034,11.853,82.677,9.7993,-3.2841,87.931,78.551,87.917,90.372,61.111,30.556,8.3333,47892.0,6582.0,5102.0,44579.0,132.0,66.0,18.0,308.0,-13.895,52994.0,54474.0,48043.0,216.0,,,,,,
bytetrack_fa_mot_mot17,2.0,MOT17-train,/gemini/code/FMtrack-main/FM-Track/outputs/bytetrack_fa_mot_mot17/val/epoch_2/tracker/MOT17-train/pedestrian_summary.txt,6.4834,73.294,0.57441,79.285,86.209,0.71195,99.601,88.829,6.7378,8.191,84.425,6.9153,-5.331,88.27,78.751,85.36,92.814,38.889,41.204,19.907,46499.0,7975.0,3600.0,45803.0,84.0,89.0,43.0,325.0,-15.344,50099.0,54474.0,49436.0,216.0,,,,,,
bytetrack_fa_mot_mot17,20.0,MOT17-train,/gemini/code/FMtrack-main/FM-Track/outputs/bytetrack_fa_mot_mot17/val/epoch_20/tracker/MOT17-train/pedestrian_summary.txt,9.2333,73.892,1.1571,81.693,83.97,3.9395,91.849,88.322,9.679,12.267,82.682,10.143,-2.5792,87.928,78.553,87.921,90.371,60.185,31.481,8.3333,47894.0,6580.0,5103.0,44196.0,130.0,68.0,18.0,307.0,-13.193,52997.0,54474.0,47573.0,216.0,,,,,,
bytetrack_fa_mot_mot17,22.0,MOT17-train,/gemini/code/FMtrack-main/FM-Track/outputs/bytetrack_fa_mot_mot17/val/epoch_22/tracker/MOT17-train/pedestrian_summary.txt,9.4186,74.029,1.2108,80.787,85.299,2.0156,98.657,88.572,9.7957,12.213,83.621,10.213,-5.1676,88.108,78.946,86.829,91.677,49.537,36.574,13.889,47299.0,7175.0,4294.0,45820.0,107.0,79.0,30.0,290.0,-15.493,51593.0,54474.0,50190.0,216.0,,,,,,
bytetrack_fa_mot_mot17,23.0,MOT17-train,/gemini/code/FMtrack-main/FM-Track/outputs/bytetrack_fa_mot_mot17/val/epoch_23/tracker/MOT17-train/pedestrian_summary.txt,9.6765,74.043,1.278,80.794,85.304,2.0491,98.721,88.564,10.062,12.652,83.605,10.578,-5.1566,88.099,78.97,86.841,91.689,49.537,37.037,13.426,47306.0,7168.0,4288.0,45827.0,107.0,80.0,29.0,295.0,-15.491,51594.0,54474.0,50201.0,216.0,,,,,,
bytetrack_fa_mot_mot17,24.0,MOT17-train,/gemini/code/FMtrack-main/FM-Track/outputs/bytetrack_fa_mot_mot17/val/epoch_24/tracker/MOT17-train/pedestrian_summary.txt,8.2375,73.996,0.92666,80.72,85.34,1.7303,98.79,88.585,8.5715,10.657,83.643,8.9136,-5.5476,88.124,78.902,86.744,91.709,48.148,38.889,12.963,47253.0,7221.0,4272.0,46003.0,104.0,84.0,28.0,291.0,-15.849,51525.0,54474.0,50381.0,216.0,,,,,,
bytetrack_fa_mot_mot17,25.0,MOT17-train,/gemini/code/FMtrack-main/FM-Track/outputs/bytetrack_fa_mot_mot17/val/epoch_25/tracker/MOT17-train/pedestrian_summary.txt,5.9906,73.985,0.48706,80.726,85.314,1.2045,98.845,88.578,6.2556,7.4536,83.622,6.2329,-6.1314,88.119,78.915,86.768,91.7,48.611,37.963,13.426,47266.0,7208.0,4278.0,46328.0,105.0,82.0,29.0,291.0,-16.44,51544.0,54474.0,50695.0,216.0,,,,,,
bytetrack_fa_mot_mot17,26.0,MOT17-train,/gemini/code/FMtrack-main/FM-Track/outputs/bytetrack_fa_mot_mot17/val/epoch_26/tracker/MOT17-train/pedestrian_summary.txt,8.6613,73.171,1.0417,79.062,86.33,1.5778,99.135,88.864,8.957,11.246,84.509,9.5036,-4.3874,88.296,78.625,85.103,92.926,38.889,40.741,20.37,46359.0,8115.0,3529.0,45220.0,84.0,88.0,44.0,315.0,-14.348,49888.0,54474.0,48844.0,216.0,,,,,,
bytetrack_fa_mot_mot17,27.0,MOT17-train,/gemini/code/FMtrack-main/FM-Track/outputs/bytetrack_fa_mot_mot17/val/epoch_27/tracker/MOT17-train/pedestrian_summary.txt,8.7404,73.128,1.048,79.021,86.317,1.2677,99.572,88.86,9.0769,10.745,84.503,9.0798,-4.8831,88.285,78.627,85.086,92.944,37.5,42.593,19.907,46350.0,8124.0,3519.0,45491.0,81.0,92.0,43.0,321.0,-14.851,49869.0,54474.0,49131.0,216.0,,,,,,
bytetrack_fa_mot_mot17,28.0,MOT17-train,/gemini/code/FMtrack-main/FM-Track/outputs/bytetrack_fa_mot_mot17/val/epoch_28/tracker/MOT17-train/pedestrian_summary.txt,5.7907,73.137,0.46032,79.035,86.316,1.1467,98.904,88.865,6.0177,7.1594,84.5,6.0498,-4.8684,88.304,78.586,85.075,92.913,38.426,40.278,21.296,46344.0,8130.0,3535.0,45461.0,83.0,87.0,46.0,310.0,-14.819,49879.0,54474.0,49084.0,216.0,,,,,,
bytetrack_fa_mot_mot17,29.0,MOT17-train,/gemini/code/FMtrack-main/FM-Track/outputs/bytetrack_fa_mot_mot17/val/epoch_29/tracker/MOT17-train/pedestrian_summary.txt,8.4151,73.1,0.97204,78.971,86.343,1.1707,99.514,88.868,8.7363,10.474,84.515,8.8517,-4.8555,88.297,78.59,85.026,92.963,37.963,41.667,20.37,46317.0,8157.0,3506.0,45456.0,82.0,90.0,44.0,321.0,-14.806,49823.0,54474.0,49108.0,216.0,,,,,,
bytetrack_fa_mot_mot17,3.0,MOT17-train,/gemini/code/FMtrack-main/FM-Track/outputs/bytetrack_fa_mot_mot17/val/epoch_3/tracker/MOT17-train/pedestrian_summary.txt,15.745,72.898,3.4205,78.818,86.188,3.7117,99.261,88.781,16.405,18.334,84.355,15.465,-2.3865,88.219,78.548,84.998,92.946,37.5,41.667,20.833,46302.0,8172.0,3514.0,44088.0,81.0,90.0,45.0,317.0,-12.4,49816.0,54474.0,47731.0,216.0,,,,,,
bytetrack_fa_mot_mot17,30.0,MOT17-train,/gemini/code/FMtrack-main/FM-Track/outputs/bytetrack_fa_mot_mot17/val/epoch_30/tracker/MOT17-train/pedestrian_summary.txt,5.8797,73.119,0.47485,79.015,86.317,1.0009,99.193,88.866,6.1076,7.3512,84.497,6.2115,-5.1034,88.306,78.581,85.061,92.921,38.426,40.278,21.296,46336.0,8138.0,3530.0,45586.0,83.0,87.0,46.0,314.0,-15.05,49866.0,54474.0,49211.0,216.0,,,,,,
bytetrack_fa_mot_mot17,31.0,MOT17-train,/gemini/code/FMtrack-main/FM-Track/outputs/bytetrack_fa_mot_mot17/val/epoch_31/tracker/MOT17-train/pedestrian_summary.txt,8.396,73.105,0.96827,78.98,86.342,1.3833,99.317,88.869,8.7171,10.416,84.51,8.8022,-4.7105,88.296,78.601,85.037,92.964,38.426,41.204,20.37,46323.0,8151.0,3506.0,45383.0,83.0,89.0,44.0,320.0,-14.663,49829.0,54474.0,49032.0,216.0,,,,,,
bytetrack_fa_mot_mot17,32.0,MOT17-train,/gemini/code/FMtrack-main/FM-Track/outputs/bytetrack_fa_mot_mot17/val/epoch_32/tracker/MOT17-train/pedestrian_summary.txt,4.384,73.153,0.26502,78.974,86.425,0.26502,100.0,88.886,4.5682,5.1783,84.58,4.3799,-6.0598,88.321,78.588,84.984,93.001,37.5,41.204,21.296,46294.0,8180.0,3484.0,46111.0,81.0,89.0,46.0,317.0,-15.985,49778.0,54474.0,49778.0,216.0,,,,,,
bytetrack_fa_mot_mot17,4.0,MOT17-train,/gemini/code/FMtrack-main/FM-Track/outputs/bytetrack_fa_mot_mot17/val/epoch_4/tracker/MOT17-train/pedestrian_summary.txt,4.3876,73.155,0.26544,78.976,86.425,0.26544,100.0,88.886,4.5719,5.1822,84.581,4.3831,-6.0543,88.321,78.59,84.985,93.001,37.5,41.667,20.833,46295.0,8179.0,3484.0,46109.0,81.0,90.0,45.0,317.0,-15.98,49779.0,54474.0,49776.0,216.0,,,,,,
bytetrack_fa_mot_mot17,5.0,MOT17-train,/gemini/code/FMtrack-main/FM-Track/outputs/bytetrack_fa_mot_mot17/val/epoch_5/tracker/MOT17-train/pedestrian_summary.txt,6.7197,73.133,0.62269,78.971,86.398,0.63163,99.934,88.883,7.0046,7.8537,84.562,6.6412,-5.5403,88.321,78.568,84.985,92.979,37.5,41.667,20.833,46295.0,8179.0,3496.0,45817.0,81.0,90.0,45.0,317.0,-15.466,49791.0,54474.0,49454.0,216.0,,,,,,
bytetrack_fa_mot_mot17,6.0,MOT17-train,/gemini/code/FMtrack-main/FM-Track/outputs/bytetrack_fa_mot_mot17/val/epoch_6/tracker/MOT17-train/pedestrian_summary.txt,8.6236,73.224,1.0191,79.175,86.256,1.6653,98.689,88.845,8.9606,10.568,84.443,8.924,-3.9413,88.284,78.746,85.268,92.894,39.815,39.815,20.37,46449.0,8025.0,3553.0,45043.0,86.0,86.0,44.0,316.0,-13.931,50002.0,54474.0,48643.0,216.0,,,,,,
bytetrack_fa_mot_mot17,7.0,MOT17-train,/gemini/code/FMtrack-main/FM-Track/outputs/bytetrack_fa_mot_mot17/val/epoch_7/tracker/MOT17-train/pedestrian_summary.txt,8.3437,73.19,0.9557,79.058,86.363,1.3026,99.181,88.87,8.6804,9.7479,84.539,8.2407,-4.5269,88.307,78.661,85.101,92.965,38.426,40.278,21.296,46358.0,8116.0,3508.0,45316.0,83.0,87.0,46.0,318.0,-14.478,49866.0,54474.0,48945.0,216.0,,,,,,
bytetrack_fa_mot_mot17,8.0,MOT17-train,/gemini/code/FMtrack-main/FM-Track/outputs/bytetrack_fa_mot_mot17/val/epoch_8/tracker/MOT17-train/pedestrian_summary.txt,8.7284,73.328,1.0477,79.305,86.229,1.37,99.187,88.825,9.0404,11.297,84.425,9.5377,-4.5196,88.266,78.731,85.351,92.802,39.815,39.352,20.833,46494.0,7980.0,3606.0,45350.0,86.0,85.0,45.0,311.0,-14.535,50100.0,54474.0,48958.0,216.0,,,,,,
bytetrack_fa_mot_mot17,9.0,MOT17-train,/gemini/code/FMtrack-main/FM-Track/outputs/bytetrack_fa_mot_mot17/val/epoch_9/tracker/MOT17-train/pedestrian_summary.txt,17.166,73.431,4.0442,81.477,83.515,8.1461,78.069,88.184,18.13,21.071,82.348,17.352,13.074,87.702,78.399,87.98,90.18,62.963,28.704,8.3333,47926.0,6548.0,5219.0,35585.0,136.0,62.0,18.0,308.0,2.2542,53145.0,54474.0,36550.0,216.0,10.647,10.517,10.78,5729.0,48745.0,47416.0
bytetrack_fa_mot_mot17_v2,,MOT17-train,/gemini/code/FMtrack-main/FM-Track/outputs/bytetrack_fa_mot_mot17_v2/inference/tracker/MOT17-train/pedestrian_summary.txt,32.111,73.642,14.089,81.178,84.201,15.193,96.104,88.324,33.801,38.59,82.785,31.947,12.804,87.996,78.683,87.546,90.807,55.556,33.796,10.648,47690.0,6784.0,4828.0,35887.0,120.0,73.0,23.0,289.0,2.2954,52518.0,54474.0,39890.0,216.0,,,,,,
bytetrack_fa_mot_mot17_v2,0.0,MOT17-train,/gemini/code/FMtrack-main/FM-Track/outputs/bytetrack_fa_mot_mot17_v2/val/epoch_0/tracker/MOT17-train/pedestrian_summary.txt,,,,,,,,,,,,,,,,,,,,,,,,,,,,,,52333.0,54474.0,51693.0,216.0,,,,,,
bytetrack_fa_mot_mot17_v2,1.0,MOT17-train,/gemini/code/FMtrack-main/FM-Track/outputs/bytetrack_fa_mot_mot17_v2/val/epoch_1/tracker/MOT17-train/pedestrian_summary.txt,,,,,,,,,,,,,,,,,,,,,,,,,,,,,,52247.0,54474.0,52088.0,216.0,,,,,,
bytetrack_fa_mot_mot17_v2,10.0,MOT17-train,/gemini/code/FMtrack-main/FM-Track/outputs/bytetrack_fa_mot_mot17_v2/val/epoch_10/tracker/MOT17-train/pedestrian_summary.txt,27.237,73.849,10.108,81.244,84.382,11.295,96.003,88.309,28.638,32.592,82.921,27.025,6.5756,87.66,78.823,87.552,90.934,54.63,35.648,9.7222,47693.0,6781.0,4755.0,39356.0,118.0,77.0,21.0,297.0,-4.2287,52448.0,54474.0,43835.0,216.0,,,,,,
bytetrack_fa_mot_mot17_v2,11.0,MOT17-train,/gemini/code/FMtrack-main/FM-Track/outputs/bytetrack_fa_mot_mot17_v2/val/epoch_11/tracker/MOT17-train/pedestrian_summary.txt,18.17,73.278,4.5097,80.83,84.004,5.576,97.081,88.188,19.086,23.215,82.547,19.163,0.17256,88.013,78.834,87.528,90.965,54.63,35.185,10.185,47680.0,6794.0,4736.0,42850.0,118.0,76.0,22.0,301.0,-10.319,52416.0,54474.0,47239.0,216.0,,,,,,
bytetrack_fa_mot_mot17_v2,12.0,MOT17-train,/gemini/code/FMtrack-main/FM-Track/outputs/bytetrack_fa_mot_mot17_v2/val/epoch_12/tracker/MOT17-train/pedestrian_summary.txt,25.014,73.73,8.5065,81.124,84.34,9.5561,96.609,88.285,26.254,31.036,82.873,25.72,4.0643,87.83,78.773,87.48,90.948,54.167,35.648,10.185,47654.0,6820.0,4743.0,40697.0,117.0,77.0,22.0,299.0,-6.5821,52397.0,54474.0,45179.0,216.0,,,,,,
bytetrack_fa_mot_mot17_v2,13.0,MOT17-train,/gemini/code/FMtrack-main/FM-Track/outputs/bytetrack_fa_mot_mot17_v2/val/epoch_13/tracker/MOT17-train/pedestrian_summary.txt,22.425,74.005,6.8227,81.349,84.535,7.7659,96.216,88.399,23.536,27.401,83.045,22.755,4.4976,87.646,78.729,87.48,90.906,55.093,34.259,10.648,47654.0,6820.0,4767.0,40437.0,119.0,74.0,23.0,315.0,-6.3098,52421.0,54474.0,44891.0,216.0,,,,,,
bytetrack_fa_mot_mot17_v2,14.0,MOT17-train,/gemini/code/FMtrack-main/FM-Track/outputs/bytetrack_fa_mot_mot17_v2/val/epoch_14/tracker/MOT17-train/pedestrian_summary.txt,26.641,73.602,9.6688,81.019,84.221,10.42,97.212,88.193,27.918,33.854,82.734,28.009,6.4379,87.855,78.861,87.53,90.989,54.63,35.648,9.7222,47681.0,6793.0,4722.0,39452.0,118.0,77.0,21.0,302.0,-4.1925,52403.0,54474.0,43935.0,216.0,,,,,,
bytetrack_fa_mot_mot17_v2,15.0,MOT17-train,/gemini/code/FMtrack-main/FM-Track/outputs/bytetrack_fa_mot_mot17_v2/val/epoch_15/tracker/MOT17-train/pedestrian_summary.txt,25.32,73.579,8.7301,81.122,84.14,9.708,96.317,88.27,26.575,31.717,82.731,26.24,7.3833,87.939,78.753,87.583,90.842,56.944,33.333,9.7222,47710.0,6764.0,4810.0,38878.0,123.0,72.0,21.0,307.0,-3.1796,52520.0,54474.0,42916.0,216.0,,,,,,
bytetrack_fa_mot_mot17_v2,16.0,MOT17-train,/gemini/code/FMtrack-main/FM-Track/outputs/bytetrack_fa_mot_mot17_v2/val/epoch_16/tracker/MOT17-train/pedestrian_summary.txt,26.573,73.284,9.6824,80.837,84.022,10.707,96.668,88.211,27.966,32.455,82.576,26.8,5.1401,87.995,78.762,87.486,90.933,55.556,34.259,10.185,47657.0,6817.0,4752.0,40105.0,120.0,74.0,22.0,304.0,-5.3624,52409.0,54474.0,44582.0,216.0,,,,,,
bytetrack_fa_mot_mot17_v2,17.0,MOT17-train,/gemini/code/FMtrack-main/FM-Track/outputs/bytetrack_fa_mot_mot17_v2/val/epoch_17/tracker/MOT17-train/pedestrian_summary.txt,29.135,73.326,11.62,80.862,84.045,13.01,95.641,88.208,30.642,35.311,82.606,29.169,8.4114,87.99,78.817,87.515,90.96,54.63,35.185,10.185,47673.0,6801.0,4738.0,38353.0,118.0,76.0,22.0,300.0,-2.0989,52411.0,54474.0,42758.0,216.0,,,,,,
bytetrack_fa_mot_mot17_v2,18.0,MOT17-train,/gemini/code/FMtrack-main/FM-Track/outputs/bytetrack_fa_mot_mot17_v2/val/epoch_18/tracker/MOT17-train/pedestrian_summary.txt,28.827,73.919,11.359,81.261,84.516,12.17,96.665,88.391,30.309,34.809,83.011,28.895,8.4958,88.016,78.808,87.478,90.983,54.63,35.648,9.7222,47653.0,6821.0,4723.0,38302.0,118.0,77.0,21.0,303.0,-1.988,52376.0,54474.0,42622.0,216.0,,,,,,
bytetrack_fa_mot_mot17_v2,19.0,MOT17-train,/gemini/code/FMtrack-main/FM-Track/outputs/bytetrack_fa_mot_mot17_v2/val/epoch_19/tracker/MOT17-train/pedestrian_summary.txt,23.459,72.843,7.5776,80.486,83.739,8.3887,97.243,88.096,24.661,30.21,82.28,24.857,3.2878,88.024,78.808,87.462,90.997,54.63,35.648,9.7222,47644.0,6830.0,4714.0,41139.0,118.0,77.0,21.0,301.0,-7.1868,52358.0,54474.0,45654.0,216.0,,,,,,
bytetrack_fa_mot_mot17_v2,2.0,MOT17-train,/gemini/code/FMtrack-main/FM-Track/outputs/bytetrack_fa_mot_mot17_v2/val/epoch_2/tracker/MOT17-train/pedestrian_summary.txt,,,,,,,,,,,,,,,,,,,,,,,,,,,,,,52257.0,54474.0,51932.0,216.0,,,,,,
bytetrack_fa_mot_mot17_v2,20.0,MOT17-train,/gemini/code/FMtrack-main/FM-Track/outputs/bytetrack_fa_mot_mot17_v2/val/epoch_20/tracker/MOT17-train/pedestrian_summary.txt,21.421,72.957,6.3175,80.603,83.756,7.5767,95.925,88.077,22.552,27.196,82.296,22.381,3.7963,87.992,78.872,87.554,90.979,55.093,34.722,10.185,47694.0,6780.0,4729.0,40897.0,119.0,75.0,22.0,303.0,-6.7168,52423.0,54474.0,45387.0,216.0,,,,,,
bytetrack_fa_mot_mot17_v2,21.0,MOT17-train,/gemini/code/FMtrack-main/FM-Track/outputs/bytetrack_fa_mot_mot17_v2/val/epoch_21/tracker/MOT17-train/pedestrian_summary.txt,23.563,73.31,7.6384,80.85,84.026,8.6733,95.609,88.19,24.824,28.215,82.559,23.294,6.2378,88.014,78.828,87.524,90.963,54.63,35.185,10.185,47678.0,6796.0,4737.0,39543.0,118.0,76.0,22.0,315.0,-4.253,52415.0,54474.0,43884.0,216.0,,,,,,
bytetrack_fa_mot_mot17_v2,22.0,MOT17-train,/gemini/code/FMtrack-main/FM-Track/outputs/bytetrack_fa_mot_mot17_v2/val/epoch_22/tracker/MOT17-train/pedestrian_summary.txt,28.414,73.517,11.219,80.998,84.151,12.064,97.517,88.218,29.989,33.452,82.696,27.664,5.6192,88.008,78.806,87.53,90.937,55.093,34.722,10.185,47681.0,6793.0,4752.0,39868.0,119.0,75.0,22.0,301.0,-4.8773,52433.0,54474.0,44212.0,216.0,,,,,,
bytetrack_fa_mot_mot17_v2,23.0,MOT17-train,/gemini/code/FMtrack-main/FM-Track/outputs/bytetrack_fa_mot_mot17_v2/val/epoch_23/tracker/MOT17-train/pedestrian_summary.txt,18.798,73.695,4.807,81.081,84.382,5.3972,98.403,88.338,19.677,24.055,82.879,19.936,-0.36164,87.973,78.839,87.464,91.025,53.241,36.111,10.648,47645.0,6829.0,4698.0,43144.0,115.0,78.0,23.0,306.0,-10.881,52343.0,54474.0,47715.0,216.0,,,,,,
bytetrack_fa_mot_mot17_v2,24.0,MOT17-train,/gemini/code/FMtrack-main/FM-Track/outputs/bytetrack_fa_mot_mot17_v2/val/epoch_24/tracker/MOT17-train/pedestrian_summary.txt,23.648,72.833,7.7064,80.507,83.677,8.9851,95.835,88.053,24.898,29.011,82.241,23.859,5.7385,87.986,78.878,87.545,90.992,54.63,34.722,10.648,47689.0,6785.0,4721.0,39842.0,118.0,75.0,23.0,298.0,-4.7789,52410.0,54474.0,44243.0,216.0,,,,,,
bytetrack_fa_mot_mot17_v2,25.0,MOT17-train,/gemini/code/FMtrack-main/FM-Track/outputs/bytetrack_fa_mot_mot17_v2/val/epoch_25/tracker/MOT17-train/pedestrian_summary.txt,32.665,72.987,14.778,80.621,83.79,16.285,94.972,88.1,34.424,40.305,82.346,33.19,13.471,88.008,78.852,87.535,90.976,53.241,36.574,10.185,47684.0,6790.0,4730.0,35616.0,115.0,79.0,22.0,297.0,2.9734,52414.0,54474.0,39928.0,216.0,,,,,,
bytetrack_fa_mot_mot17_v2,26.0,MOT17-train,/gemini/code/FMtrack-main/FM-Track/outputs/bytetrack_fa_mot_mot17_v2/val/epoch_26/tracker/MOT17-train/pedestrian_summary.txt,35.067,73.027,16.916,80.688,83.775,18.306,95.906,88.113,36.924,43.483,82.364,35.815,15.139,87.649,78.784,87.55,90.899,55.556,34.259,10.185,47692.0,6782.0,4775.0,34670.0,120.0,74.0,22.0,296.0,4.3262,52467.0,54474.0,38569.0,216.0,,,,,,
bytetrack_fa_mot_mot17_v2,27.0,MOT17-train,/gemini/code/FMtrack-main/FM-Track/outputs/bytetrack_fa_mot_mot17_v2/val/epoch_27/tracker/MOT17-train/pedestrian_summary.txt,27.494,73.194,10.521,80.745,83.968,11.481,97.033,88.16,28.998,33.366,82.496,27.526,6.1259,88.014,78.825,87.493,90.986,54.167,35.185,10.648,47661.0,6813.0,4722.0,39602.0,117.0,76.0,23.0,296.0,-4.3611,52383.0,54474.0,43962.0,216.0,,,,,,
bytetrack_fa_mot_mot17_v2,28.0,MOT17-train,/gemini/code/FMtrack-main/FM-Track/outputs/bytetrack_fa_mot_mot17_v2/val/epoch_28/tracker/MOT17-train/pedestrian_summary.txt,25.714,73.572,9.0228,80.987,84.238,9.8831,97.278,88.224,27.007,32.184,82.737,26.628,5.0483,88.009,78.823,87.482,90.993,54.63,34.722,10.648,47655.0,6819.0,4717.0,40188.0,118.0,75.0,23.0,299.0,-5.4417,52372.0,54474.0,44527.0,216.0,,,,,,
bytetrack_fa_mot_mot17_v2,29.0,MOT17-train,/gemini/code/FMtrack-main/FM-Track/outputs/bytetrack_fa_mot_mot17_v2/val/epoch_29/tracker/MOT17-train/pedestrian_summary.txt,20.697,73.45,6.0717,80.839,84.262,6.4062,98.863,88.253,21.87,24.399,82.736,20.187,0.21478,88.029,78.839,87.388,91.089,53.241,36.111,10.648,47604.0,6870.0,4657.0,42830.0,115.0,78.0,23.0,301.0,-10.246,52261.0,54474.0,47518.0,216.0,,,,,,
bytetrack_fa_mot_mot17_v2,30.0,MOT17-train,/gemini/code/FMtrack-main/FM-Track/outputs/bytetrack_fa_mot_mot17_v2/val/epoch_30/tracker/MOT17-train/pedestrian_summary.txt,18.0,74.211,4.5435,81.405,84.766,4.7532,99.033,88.44,18.979,20.854,83.213,17.353,-1.9532,88.026,78.878,87.456,91.067,55.093,34.722,10.185,47641.0,6833.0,4673.0,44032.0,119.0,75.0,22.0,305.0,-12.425,52314.0,54474.0,48605.0,216.0,,,,,,
bytetrack_fa_mot_mot17_v2,31.0,MOT17-train,/gemini/code/FMtrack-main/FM-Track/outputs/bytetrack_fa_mot_mot17_v2/val/epoch_31/tracker/MOT17-train/pedestrian_summary.txt,6.9294,74.2,0.64974,81.36,84.816,0.7036,99.692,88.464,7.2652,8.403,83.263,6.9966,-7.0566,88.041,78.834,87.379,91.092,52.778,36.574,10.648,47599.0,6875.0,4655.0,46788.0,114.0,79.0,23.0,300.0,-17.506,52254.0,54474.0,51532.0,216.0,,,,,,
bytetrack_fa_mot_mot17_v2,32.0,MOT17-train,/gemini/code/FMtrack-main/FM-Track/outputs/bytetrack_fa_mot_mot17_v2/val/epoch_32/tracker/MOT17-train/pedestrian_summary.txt,15.074,74.159,3.122,81.345,84.767,3.2396,99.495,88.444,15.869,17.227,83.224,14.337,-4.1396,88.038,78.832,87.398,91.074,52.778,36.574,10.648,47609.0,6865.0,4666.0,45198.0,114.0,79.0,23.0,303.0,-14.594,52275.0,54474.0,49889.0,216.0,,,,,,
bytetrack_fa_mot_mot17_v2,33.0,MOT17-train,/gemini/code/FMtrack-main/FM-Track/outputs/bytetrack_fa_mot_mot17_v2/val/epoch_33/tracker/MOT17-train/pedestrian_summary.txt,20.988,73.202,6.1007,80.641,84.044,6.5364,98.66,88.1,22.124,25.394,82.52,20.955,0.14869,88.036,78.856,87.403,91.092,53.704,35.648,10.648,47612.0,6862.0,4656.0,42875.0,116.0,77.0,23.0,297.0,-10.308,52268.0,54474.0,47517.0,216.0,,,,,,
bytetrack_fa_mot_mot17_v2,34.0,MOT17-train,/gemini/code/FMtrack-main/FM-Track/outputs/bytetrack_fa_mot_mot17_v2/val/epoch_34/tracker/MOT17-train/pedestrian_summary.txt,15.131,74.141,3.3379,81.359,84.729,3.4502,99.439,88.444,16.017,16.741,83.192,13.927,-4.7399,88.031,78.858,87.44,91.062,54.63,34.722,10.648,47632.0,6842.0,4675.0,45539.0,118.0,75.0,23.0,310.0,-15.206,52307.0,54474.0,50286.0,216.0,,,,,,
bytetrack_fa_mot_mot17_v2,35.0,MOT17-train,/gemini/code/FMtrack-main/FM-Track/outputs/bytetrack_fa_mot_mot17_v2/val/epoch_35/tracker/MOT17-train/pedestrian_summary.txt,15.594,74.189,3.5293,81.368,84.789,3.6024,99.588,88.458,16.503,17.123,83.242,14.254,-4.1947,88.038,78.827,87.396,91.07,53.704,35.648,10.648,47608.0,6866.0,4668.0,45225.0,116.0,77.0,23.0,303.0,-14.649,52276.0,54474.0,49985.0,216.0,,,,,,
bytetrack_fa_mot_mot17_v2,4.0,MOT17-train,/gemini/code/FMtrack-main/FM-Track/outputs/bytetrack_fa_mot_mot17_v2/val/epoch_4/tracker/MOT17-train/pedestrian_summary.txt,6.5903,74.251,0.58711,81.447,84.781,0.59173,99.818,88.456,6.9052,7.9659,83.249,6.6315,-6.3645,88.03,78.867,87.467,91.048,55.093,34.259,10.648,47647.0,6827.0,4685.0,46429.0,119.0,74.0,23.0,297.0,-16.834,52332.0,54474.0,51159.0,216.0,,,,,,
bytetrack_fa_mot_mot17_v2,5.0,MOT17-train,/gemini/code/FMtrack-main/FM-Track/outputs/bytetrack_fa_mot_mot17_v2/val/epoch_5/tracker/MOT17-train/pedestrian_summary.txt,11.245,74.245,1.7149,81.659,84.495,1.7855,99.006,88.384,11.757,14.113,83.103,11.728,-1.3401,87.966,78.929,87.787,90.835,59.722,31.019,9.2593,47821.0,6653.0,4825.0,43726.0,129.0,67.0,20.0,281.0,-11.904,52646.0,54474.0,48058.0,216.0,,,,,,
bytetrack_fa_mot_mot17_v2,6.0,MOT17-train,/gemini/code/FMtrack-main/FM-Track/outputs/bytetrack_fa_mot_mot17_v2/val/epoch_6/tracker/MOT17-train/pedestrian_summary.txt,12.257,74.3,2.0327,81.701,84.519,2.1814,98.813,88.382,12.83,15.032,83.11,12.493,-0.8628,87.967,78.962,87.814,90.843,60.185,30.556,9.2593,47836.0,6638.0,4822.0,43484.0,130.0,66.0,20.0,281.0,-11.43,52658.0,54474.0,47861.0,216.0,,,,,,
bytetrack_fa_mot_mot17_v2,7.0,MOT17-train,/gemini/code/FMtrack-main/FM-Track/outputs/bytetrack_fa_mot_mot17_v2/val/epoch_7/tracker/MOT17-train/pedestrian_summary.txt,14.611,74.321,2.8815,81.76,84.49,2.9793,98.99,88.393,15.336,17.64,83.099,14.658,-0.28454,87.948,78.915,87.842,90.775,59.722,30.556,9.7222,47851.0,6623.0,4863.0,43143.0,129.0,66.0,21.0,292.0,-10.871,52714.0,54474.0,47283.0,216.0,,,,,,
bytetrack_fa_mot_mot17_v2,8.0,MOT17-train,/gemini/code/FMtrack-main/FM-Track/outputs/bytetrack_fa_mot_mot17_v2/val/epoch_8/tracker/MOT17-train/pedestrian_summary.txt,19.56,74.31,5.1634,81.772,84.456,5.489,97.938,88.384,20.482,24.609,83.081,20.445,4.303,87.928,78.895,87.858,90.742,59.722,30.556,9.7222,47860.0,6614.0,4883.0,40633.0,129.0,66.0,21.0,284.0,-6.3032,52743.0,54474.0,44600.0,216.0,,,,,,
bytetrack_fa_mot_mot17_v2,9.0,MOT17-train,/gemini/code/FMtrack-main/FM-Track/outputs/bytetrack_fa_mot_mot17_v2/val/epoch_9/tracker/MOT17-train/pedestrian_summary.txt,19.732,73.626,5.3088,81.044,84.268,6.1991,97.447,88.246,20.732,24.502,82.799,20.287,-0.42589,87.918,78.823,87.499,90.979,54.167,35.648,10.185,47664.0,6810.0,4726.0,43170.0,117.0,77.0,22.0,294.0,-10.997,52390.0,54474.0,47656.0,216.0,,,,,,
bytetrack_fa_mot_mot17_v4_topconf,0.0,MOT17-train,/gemini/code/FMtrack-main/FM-Track/outputs/bytetrack_fa_mot_mot17_v4_topconf/val/epoch_0/tracker/MOT17-train/pedestrian_summary.txt,4.7602,74.215,0.30758,81.355,84.845,0.30758,99.999,88.469,4.9968,5.7214,83.275,4.7645,-8.1452,88.046,78.836,87.361,91.109,52.778,36.574,10.648,47589.0,6885.0,4644.0,47382.0,114.0,79.0,23.0,301.0,-18.588,52233.0,54474.0,52224.0,216.0,,,,,,
bytetrack_fa_mot_mot17_v4_topconf,1.0,MOT17-train,/gemini/code/FMtrack-main/FM-Track/outputs/bytetrack_fa_mot_mot17_v4_topconf/val/epoch_1/tracker/MOT17-train/pedestrian_summary.txt,4.7796,74.214,0.31005,81.355,84.844,0.31007,99.996,88.469,5.0169,5.7465,83.275,4.7854,-8.0919,88.046,78.834,87.361,91.107,52.778,36.574,10.648,47589.0,6885.0,4645.0,47352.0,114.0,79.0,23.0,301.0,-18.535,52234.0,54474.0,52187.0,216.0,,,,,,
diagnostic_full_model,,MOT17,/gemini/code/FMtrack-main/FM-Track/outputs/diagnostic_full_model/submit/full_model_correct_thresh/MOT17/train/checkpoint_30/tracker/tracker_default/pedestrian_summary.txt,81.596,90.983,73.245,94.646,93.414,79.874,84.346,93.167,83.26,87.159,92.555,80.671,95.878,92.709,97.853,99.586,98.29,95.161,0.0,4.8387,18504.0,77.0,322.0,367.0,59.0,0.0,3.0,46.0,88.617,18826.0,18581.0,331.0,62.0,,,,,,
diagnostic_full_model,,MOT17,/gemini/code/FMtrack-main/FM-Track/outputs/diagnostic_full_model/submit/full_model_test/MOT17/train/checkpoint_30/tracker/tracker_default/pedestrian_summary.txt,68.454,78.126,60.039,94.837,79.819,63.689,88.638,93.177,75.458,72.881,92.548,67.45,78.532,92.736,80.97,99.892,84.074,96.774,0.0,3.2258,18561.0,20.0,3516.0,453.0,60.0,0.0,2.0,11.0,71.275,22077.0,18581.0,2479.0,62.0,66.968,73.268,61.666,13614.0,4967.0,8463.0
diagnostic_test,,MOT17,/gemini/code/FMtrack-main/FM-Track/outputs/diagnostic_test/evaluate/default/MOT17/train/checkpoint_30/tracker/tracker_default/pedestrian_summary.txt,4.9638,77.479,0.32099,95.405,78.812,0.32099,100.0,93.459,5.5211,5.2502,93.09,4.8874,-20.795,93.122,78.817,99.935,82.555,96.774,0.0,3.2258,18569.0,12.0,3924.0,18509.0,60.0,0.0,2.0,4.0,-27.669,22493.0,18581.0,22493.0,62.0,0.29216,0.32291,0.26675,60.0,18521.0,22433.0
eval_epoch20,,MOT17,/gemini/code/FMtrack-main/FM-Track/outputs/eval_epoch20/evaluate/default/MOT17/train/checkpoint_20/tracker/tracker_default/pedestrian_summary.txt,85.837,90.14,81.917,93.179,94.519,89.912,87.821,93.249,87.36,92.147,92.334,85.083,96.934,92.601,97.303,97.942,99.351,94.322,3.1136,2.5641,329958.0,6933.0,2154.0,1242.0,1545.0,51.0,42.0,1806.0,89.687,332112.0,336891.0,1416.0,1638.0,89.943,89.305,90.59,300861.0,36030.0,31251.0
eval_mot17_train,,MOT17,/gemini/code/FMtrack-main/FM-Track/outputs/eval_mot17_train/evaluate/default/MOT17/train/checkpoint_5/tracker/pedestrian_summary.txt,61.157,86.497,43.435,90.278,92.48,52.159,75.481,91.941,62.593,66.899,90.46,60.516,83.199,91.251,95.722,96.671,99.028,92.562,6.1983,1.2397,90596.0,3120.0,889.0,11736.0,448.0,30.0,6.0,695.0,74.741,91485.0,93716.0,10902.0,484.0,59.574,58.865,60.301,55166.0,38550.0,36319.0
eval_mot17_train,,MOT17,/gemini/code/FMtrack-main/FM-Track/outputs/eval_mot17_train/evaluate/default/MOT17/train/checkpoint_6/tracker/pedestrian_summary.txt,74.11,89.533,61.612,93.435,93.495,70.273,81.438,92.919,75.839,79.832,91.64,73.158,90.463,92.279,97.631,98.784,98.847,97.727,1.6529,0.61983,92576.0,1140.0,1080.0,6718.0,473.0,8.0,3.0,222.0,82.835,93656.0,93716.0,6284.0,484.0,73.723,73.699,73.746,69068.0,24648.0,24588.0
eval_mot17_train,,MOT17,/gemini/code/FMtrack-main/FM-Track/outputs/eval_mot17_train/evaluate/default/MOT17/train/checkpoint_7/tracker/pedestrian_summary.txt,75.685,89.901,63.955,93.715,93.75,72.343,82.188,93.104,77.392,81.418,91.854,74.786,91.634,92.456,97.59,98.776,98.813,97.107,2.2727,0.61983,92569.0,1147.0,1112.0,5581.0,470.0,11.0,3.0,172.0,84.183,93681.0,93716.0,5128.0,484.0,75.925,75.911,75.94,71141.0,22575.0,22540.0
eval_mot17_train,,MOT17,/gemini/code/FMtrack-main/FM-Track/outputs/eval_mot17_train/evaluate/default/MOT17/train/checkpoint_8/tracker/tracker_default/pedestrian_summary.txt,75.866,90.321,63.918,93.875,94.05,72.85,82.286,93.207,77.446,81.542,92.088,75.091,91.765,92.573,97.987,98.9,99.085,97.436,1.4652,1.0989,111062.0,1235.0,1026.0,6987.0,532.0,8.0,6.0,286.0,84.419,112088.0,112297.0,6420.0,546.0,76.159,76.088,76.23,85445.0,26852.0,26643.0
eval_mot17_train,,MOT17,/gemini/code/FMtrack-main/FM-Track/outputs/eval_mot17_train/evaluate/default/MOT17/train/checkpoint_9/tracker/tracker_default/pedestrian_summary.txt,76.87,90.386,65.578,93.976,94.057,74.624,82.781,93.244,78.486,82.491,92.123,75.993,92.486,92.64,97.937,98.925,99.011,97.436,1.4652,1.0989,111090.0,1207.0,1110.0,6121.0,532.0,8.0,6.0,270.0,85.205,112200.0,112297.0,5581.0,546.0,77.406,77.373,77.439,86887.0,25410.0,25313.0
eval_mot20_ckpts_serial,,MOT20,/gemini/code/FMtrack-main/FM-Track/outputs/eval_mot20_ckpts_serial/ckpt_12/evaluate/default/MOT20/train/checkpoint_12/tracker/tracker_default/pedestrian_summary.txt,3.5544,3.613,3.6441,3.6313,70.918,4.1741,41.403,76.576,3.5658,4.7638,70.226,3.3454,4.3672,71.963,4.8037,4.962,96.907,0.0,4.1986,95.801,56300.0,1078314.0,1797.0,4952.0,0.0,93.0,2122.0,11325.0,2.976,58097.0,1134614.0,2453.0,2215.0,3.6612,1.9244,37.582,21834.0,1112780.0,36263.0
eval_mot20_ckpts_serial,,MOT20,/gemini/code/FMtrack-main/FM-Track/outputs/eval_mot20_ckpts_serial/ckpt_13/evaluate/default/MOT20/train/checkpoint_13/tracker/tracker_default/pedestrian_summary.txt,4.6681,4.8175,4.7505,4.8471,72.572,5.3672,45.633,77.395,4.6876,6.0463,71.552,4.3263,5.9337,72.853,6.4336,6.5563,98.163,0.0,7.5395,92.46,74389.0,1060225.0,1392.0,5672.0,0.0,167.0,2048.0,13794.0,4.1539,75781.0,1134614.0,2669.0,2215.0,4.9894,2.6613,39.846,30196.0,1104418.0,45585.0
eval_mot20_ckpts_serial,,MOT20,/gemini/code/FMtrack-main/FM-Track/outputs/eval_mot20_ckpts_serial/ckpt_14/evaluate/default/MOT20/train/checkpoint_14/tracker/tracker_default/pedestrian_summary.txt,8.2691,9.9001,7.1241,10.048,71.441,8.6487,41.856,77.311,8.3448,11.007,70.925,7.8068,12.119,73.05,13.001,13.533,96.217,0.22573,23.792,75.982,153549.0,981065.0,6037.0,10010.0,5.0,527.0,1683.0,28644.0,8.4716,159586.0,1134614.0,3997.0,2215.0,9.2823,5.294,37.639,60066.0,1074548.0,99520.0
eval_mot20_ckpts_serial,,MOT20,/gemini/code/FMtrack-main/FM-Track/outputs/eval_mot20_ckpts_serial/ckpt_15/evaluate/default/MOT20/train/checkpoint_15/tracker/tracker_default/pedestrian_summary.txt,10.399,15.339,7.3181,15.732,71.561,8.1002,53.568,78.104,10.562,13.548,71.944,9.747,17.402,74.085,19.337,20.66,93.978,1.3544,37.698,60.948,234416.0,900198.0,15021.0,21952.0,30.0,835.0,1350.0,35197.0,12.048,249437.0,1134614.0,8859.0,2215.0,11.596,7.0726,32.171,80247.0,1054367.0,169190.0
eval_mot20_ckpts_serial,,MOT20,/gemini/code/FMtrack-main/FM-Track/outputs/eval_mot20_ckpts_serial/ckpt_16/evaluate/default/MOT20/train/checkpoint_16/tracker/tracker_default/pedestrian_summary.txt,10.006,15.135,6.8896,15.459,73.644,7.6434,52.506,78.832,10.141,12.792,73.241,9.369,17.3,75.062,19.27,20.131,95.9,1.0835,36.569,62.348,228404.0,906210.0,9764.0,22352.0,24.0,810.0,1381.0,35649.0,12.28,238168.0,1134614.0,8645.0,2215.0,10.853,6.5658,31.279,74496.0,1060118.0,163672.0
eval_mot20_ckpts_serial,,MOT20,/gemini/code/FMtrack-main/FM-Track/outputs/eval_mot20_ckpts_serial/ckpt_17/evaluate/default/MOT20/train/checkpoint_17/tracker/tracker_default/pedestrian_summary.txt,12.085,18.85,8.0887,19.342,73.262,8.7732,56.804,78.519,12.286,15.558,73.034,11.363,21.607,74.582,24.363,25.382,96.14,2.7991,45.147,52.054,287993.0,846621.0,11563.0,31278.0,62.0,1000.0,1153.0,38415.0,15.155,299556.0,1134614.0,11722.0,2215.0,12.824,8.1051,30.699,91962.0,1042652.0,207594.0
eval_mot20_ckpts_serial,,MOT20,/gemini/code/FMtrack-main/FM-Track/outputs/eval_mot20_ckpts_serial/ckpt_18/evaluate/default/MOT20/train/checkpoint_18/tracker/tracker_default/pedestrian_summary.txt,10.775,16.979,7.2472,17.376,72.729,7.9165,56.915,78.025,10.942,13.921,72.364,10.074,19.44,73.863,22.088,22.99,96.227,1.9413,42.167,55.892,260845.0,873769.0,10228.0,30049.0,43.0,934.0,1238.0,37649.0,13.431,271073.0,1134614.0,11923.0,2215.0,11.08,6.8637,28.729,77876.0,1056738.0,193197.0
eval_mot20_ckpts_serial,,MOT20,/gemini/code/FMtrack-main/FM-Track/outputs/eval_mot20_ckpts_serial/ckpt_19/evaluate/default/MOT20/train/checkpoint_19/tracker/tracker_default/pedestrian_summary.txt,12.466,18.639,8.744,19.115,72.52,9.4696,58.785,77.834,12.672,16.257,72.087,11.72,21.745,73.698,24.135,25.247,95.782,1.9865,46.095,51.919,286454.0,848160.0,12615.0,27118.0,44.0,1021.0,1150.0,34536.0,15.104,299069.0,1134614.0,11085.0,2215.0,13.75,8.6874,32.958,98568.0,1036046.0,200501.0
eval_mot20_ckpts_serial,,MOT20,/gemini/code/FMtrack-main/FM-Track/outputs/eval_mot20_ckpts_serial/ckpt_20/evaluate/default/MOT20/train/checkpoint_20/tracker/tracker_default/pedestrian_summary.txt,10.456,16.549,6.9778,16.897,73.641,7.5914,58.543,78.331,10.604,13.391,72.865,9.7572,18.732,74.367,21.352,22.149,96.528,1.4447,39.007,59.549,251303.0,883311.0,9039.0,29732.0,32.0,864.0,1319.0,36904.0,13.054,260342.0,1134614.0,12738.0,2215.0,10.638,6.5395,28.5,74198.0,1060416.0,186144.0
eval_mot20_ckpts_serial,,MOT20,/gemini/code/FMtrack-main/FM-Track/outputs/eval_mot20_ckpts_serial/ckpt_21/evaluate/default/MOT20/train/checkpoint_21/tracker/tracker_default/pedestrian_summary.txt,12.002,17.801,8.5107,18.222,72.597,9.1019,62.527,77.762,12.189,15.608,72.089,11.252,20.595,73.482,23.337,24.219,96.489,1.6253,42.619,55.756,274787.0,859827.0,9999.0,31113.0,36.0,944.0,1235.0,33485.0,14.173,284786.0,1134614.0,13499.0,2215.0,12.641,7.9067,31.501,89710.0,1044904.0,195076.0
eval_mot20_ckpts_serial,,MOT20,/gemini/code/FMtrack-main/FM-Track/outputs/eval_mot20_ckpts_serial/ckpt_22/evaluate/default/MOT20/train/checkpoint_22/tracker/tracker_default/pedestrian_summary.txt,12.498,16.445,9.878,16.81,73.888,10.714,61.89,78.884,12.674,16.011,73.599,11.784,19.297,75.058,21.114,21.932,96.402,1.9865,39.368,58.646,248848.0,885766.0,9287.0,20611.0,44.0,872.0,1299.0,29217.0,13.827,258135.0,1134614.0,10217.0,2215.0,13.182,8.0905,35.561,91796.0,1042818.0,166339.0
eval_mot20_ckpts_serial,,MOT20,/gemini/code/FMtrack-main/FM-Track/outputs/eval_mot20_ckpts_serial/ckpt_23/evaluate/default/MOT20/train/checkpoint_23/tracker/tracker_default/pedestrian_summary.txt,12.14,18.355,8.3941,18.86,72.645,9.0977,60.245,78.296,12.352,15.654,72.294,11.317,20.75,74.429,23.276,24.619,94.828,2.2122,42.799,54.989,279332.0,855282.0,15236.0,28661.0,49.0,948.0,1218.0,35979.0,14.455,294568.0,1134614.0,12540.0,2215.0,12.318,7.7581,29.883,88025.0,1046589.0,206543.0
eval_mot20_ckpts_serial,,MOT20,/gemini/code/FMtrack-main/FM-Track/outputs/eval_mot20_ckpts_serial/ckpt_24/evaluate/default/MOT20/train/checkpoint_24/tracker/tracker_default/pedestrian_summary.txt,12.409,18.382,8.7611,18.844,73.621,9.4286,63.685,78.765,12.609,15.861,73.434,11.647,21.095,74.937,23.567,24.581,96.037,2.0767,43.205,54.718,278900.0,855714.0,11510.0,28048.0,46.0,957.0,1212.0,34110.0,14.934,290410.0,1134614.0,13655.0,2215.0,12.756,8.0103,31.296,90886.0,1043728.0,199524.0
eval_mot20_ckpts_serial,,MOT20,/gemini/code/FMtrack-main/FM-Track/outputs/eval_mot20_ckpts_serial/ckpt_25/evaluate/default/MOT20/train/checkpoint_25/tracker/tracker_default/pedestrian_summary.txt,11.769,17.43,8.2906,17.89,72.401,8.8901,60.887,78.206,11.965,15.237,72.306,11.018,19.658,74.295,22.121,23.415,94.761,2.3928,40.722,56.885,265672.0,868942.0,14687.0,27947.0,53.0,902.0,1260.0,35271.0,13.639,280359.0,1134614.0,12267.0,2215.0,11.871,7.4023,29.957,83988.0,1050626.0,196371.0
eval_mot20_ckpts_serial,,MOT20,/gemini/code/FMtrack-main/FM-Track/outputs/eval_mot20_ckpts_serial/ckpt_26/evaluate/default/MOT20/train/checkpoint_26/tracker/tracker_default/pedestrian_summary.txt,13.595,19.968,9.6861,20.548,72.462,10.464,58.556,78.075,13.847,17.634,72.12,12.718,23.304,74.076,25.906,27.132,95.678,2.8442,47.223,49.932,307842.0,826772.0,13906.0,29522.0,63.0,1046.0,1106.0,40452.0,16.271,321748.0,1134614.0,11316.0,2215.0,14.529,9.3246,32.882,105798.0,1028816.0,215950.0
eval_mot20_ckpts_serial,,MOT20,/gemini/code/FMtrack-main/FM-Track/outputs/eval_mot20_ckpts_serial/ckpt_27/evaluate/default/MOT20/train/checkpoint_27/tracker/tracker_default/pedestrian_summary.txt,12.365,16.683,9.5458,17.066,73.016,9.9982,67.175,78.197,12.547,15.926,72.47,11.541,19.571,74.107,21.59,22.482,96.187,1.6704,39.187,59.142,255079.0,879535.0,10111.0,22908.0,37.0,868.0,1310.0,32393.0,13.75,265190.0,1134614.0,10828.0,2215.0,13.465,8.3063,35.539,94245.0,1040369.0,170945.0
eval_mot20_ckpts_serial,,MOT20,/gemini/code/FMtrack-main/FM-Track/outputs/eval_mot20_ckpts_serial/ckpt_28/evaluate/default/MOT20/train/checkpoint_28/tracker/tracker_default/pedestrian_summary.txt,12.999,18.677,9.4706,19.227,71.584,10.271,60.566,77.788,13.241,16.973,71.606,12.154,21.726,73.58,24.073,25.466,94.813,2.3025,45.553,52.144,288938.0,845676.0,15806.0,26621.0,51.0,1009.0,1155.0,34305.0,14.998,304744.0,1134614.0,11997.0,2215.0,14.116,8.9534,33.335,101587.0,1033027.0,203157.0
eval_mot20_ckpts_serial,,MOT20,/gemini/code/FMtrack-main/FM-Track/outputs/eval_mot20_ckpts_serial/ckpt_29/evaluate/default/MOT20/train/checkpoint_29/tracker/tracker_default/pedestrian_summary.txt,10.511,15.671,7.3827,16.014,73.615,7.797,66.186,78.822,10.66,13.353,73.485,9.8126,18.087,74.945,20.023,20.889,96.023,1.219,38.149,60.632,237004.0,897610.0,9817.0,21971.0,27.0,845.0,1343.0,30899.0,12.853,246821.0,1134614.0,12498.0,2215.0,10.761,6.5509,30.114,74327.0,1060287.0,172494.0
eval_mot20_ckpts_serial,,MOT20,/gemini/code/FMtrack-main/FM-Track/outputs/eval_mot20_ckpts_serial/ckpt_30/evaluate/default/MOT20/train/checkpoint_30/tracker/tracker_default/pedestrian_summary.txt,14.123,20.477,10.115,21.079,73.119,10.85,59.186,78.571,14.382,18.236,72.879,13.29,24.151,74.681,26.569,27.698,96.082,2.8442,48.352,48.804,314268.0,820346.0,12816.0,27430.0,63.0,1071.0,1081.0,37258.0,17.138,327084.0,1134614.0,10487.0,2215.0,15.279,9.8421,34.141,111670.0,1022944.0,215414.0
eval_mot20_train,,MOT20,/gemini/code/FMtrack-main/FM-Track/outputs/eval_mot20_train/evaluate/default/MOT20/train/checkpoint_7/tracker/tracker_default/pedestrian_summary.txt,9.9022,20.425,4.9937,21.061,72.03,5.8642,58.827,77.948,10.093,13.102,71.78,9.4048,15.311,74.009,26.479,27.859,95.281,3.6117,47.088,49.3,316093.0,818521.0,15655.0,126720.0,80.0,1043.0,1092.0,42025.0,8.0698,331748.0,1134614.0,106208.0,2215.0,,,,,,
eval_mot20_train,,MOT20,/gemini/code/FMtrack-main/FM-Track/outputs/eval_mot20_train/evaluate/default/MOT20/train/checkpoint_9/tracker/tracker_default/pedestrian_summary.txt,9.8861,20.161,5.023,20.809,71.677,5.9681,58.986,77.895,10.079,13.145,71.59,9.4107,14.921,73.985,25.954,27.493,94.7,3.3409,46.546,50.113,311935.0,822679.0,17458.0,125180.0,74.0,1031.0,1110.0,40886.0,7.7689,329393.0,1134614.0,106305.0,2215.0,,,,,,
eval_mot20_train,,MOT20,/gemini/code/FMtrack-main/FM-Track/outputs/eval_mot20_train/evaluate/default/MOT20/train/checkpoint_9/tracker_eval_hota/tracker_default/pedestrian_summary.txt,9.8861,20.161,5.023,20.809,71.677,5.9681,58.986,77.895,10.079,13.145,71.59,9.4107,14.921,73.985,25.954,27.493,94.7,3.3409,46.546,50.113,311935.0,822679.0,17458.0,125180.0,74.0,1031.0,1110.0,40886.0,7.7689,329393.0,1134614.0,106305.0,2215.0,,,,,,
evaluate,,MOT17,/gemini/code/FMtrack-main/FM-Track/outputs/evaluate/default/MOT17/train/checkpoint_0/tracker/pedestrian_summary.txt,17.465,72.178,4.2385,76.236,90.374,6.7113,81.749,91.363,17.971,19.639,88.732,17.426,15.112,90.81,78.472,81.414,96.513,60.744,31.405,7.8512,76298.0,17418.0,2757.0,59379.0,294.0,152.0,38.0,3210.0,7.6295,79055.0,93716.0,57198.0,484.0,9.7262,8.9654,10.628,8402.0,85314.0,70653.0
evaluate,,MOT17,/gemini/code/FMtrack-main/FM-Track/outputs/evaluate/default/MOT17/train/checkpoint_1/tracker/pedestrian_summary.txt,28.471,81.761,9.9455,85.964,91.307,13.681,73.142,91.353,29.223,32.456,89.366,29.005,36.976,90.543,90.917,92.533,98.284,76.033,20.248,3.719,86718.0,6998.0,1514.0,50552.0,368.0,98.0,18.0,1645.0,28.225,88232.0,93716.0,46632.0,484.0,20.849,20.239,21.497,18967.0,74749.0,69265.0
evaluate,,MOT17,/gemini/code/FMtrack-main/FM-Track/outputs/evaluate/default/MOT17/train/checkpoint_2/tracker/pedestrian_summary.txt,53.469,85.188,33.719,89.573,91.665,40.865,74.562,91.77,54.931,58.862,90.085,53.026,72.418,90.999,94.514,96.116,98.361,88.43,10.331,1.2397,90076.0,3640.0,1501.0,20708.0,428.0,50.0,6.0,653.0,63.766,91577.0,93716.0,19451.0,484.0,50.983,50.401,51.578,47234.0,46482.0,44343.0
evaluate,,MOT17,/gemini/code/FMtrack-main/FM-Track/outputs/evaluate/default/MOT17/train/checkpoint_3/tracker/pedestrian_summary.txt,51.54,85.686,31.076,90.105,91.623,34.632,81.03,91.664,52.91,57.341,89.994,51.603,72.835,90.799,95.343,96.844,98.474,93.388,5.7851,0.82645,90758.0,2958.0,1406.0,21094.0,452.0,28.0,4.0,745.0,63.924,92164.0,93716.0,18381.0,484.0,47.574,47.18,47.974,44215.0,49501.0,47949.0
fa_mot_v2_resume,10.0,unknown,/gemini/code/FMtrack-main/FM-Track/outputs/fa_mot_v2_resume/train/eval_during_train/epoch_10/tracker/tracker_default/pedestrian_summary.txt,72.679,88.13,60.152,92.193,92.508,66.191,85.018,92.138,74.45,79.415,90.778,72.091,89.53,91.489,96.82,98.239,98.576,95.604,3.1136,1.2821,110320.0,1977.0,1594.0,8186.0,522.0,17.0,7.0,454.0,81.169,111914.0,112297.0,7927.0,546.0,73.039,72.915,73.164,81881.0,30416.0,30033.0
fa_mot_v2_resume,11.0,unknown,/gemini/code/FMtrack-main/FM-Track/outputs/fa_mot_v2_resume/train/eval_during_train/epoch_11/tracker/tracker_default/pedestrian_summary.txt,72.614,89.478,59.106,93.025,93.548,66.077,83.388,92.702,74.137,78.61,91.587,71.997,91.753,91.933,97.774,98.607,99.162,97.253,1.4652,1.2821,110733.0,1564.0,936.0,6761.0,531.0,8.0,7.0,364.0,83.799,111669.0,112297.0,6404.0,546.0,72.422,72.219,72.625,81100.0,31197.0,30569.0
fa_mot_v2_resume,12.0,unknown,/gemini/code/FMtrack-main/FM-Track/outputs/fa_mot_v2_resume/train/eval_during_train/epoch_12/tracker/tracker_default/pedestrian_summary.txt,25.518,89.51,7.3156,93.006,93.534,8.871,95.805,92.648,26.053,28.201,91.584,25.828,16.007,92.01,97.585,98.51,99.07,96.52,2.0147,1.4652,110624.0,1673.0,1039.0,91610.0,527.0,11.0,8.0,462.0,8.1352,111663.0,112297.0,92332.0,546.0,13.093,13.056,13.131,14662.0,97635.0,97001.0
fa_mot_v2_resume,15.0,unknown,/gemini/code/FMtrack-main/FM-Track/outputs/fa_mot_v2_resume/train/eval_during_train/epoch_15/tracker/tracker_default/pedestrian_summary.txt,77.886,89.629,67.846,93.523,93.209,74.417,86.813,92.715,79.649,84.339,91.688,77.329,95.789,92.054,97.632,98.985,98.652,97.436,1.0989,1.4652,111157.0,1140.0,1519.0,2070.0,532.0,6.0,8.0,213.0,87.923,112676.0,112297.0,2036.0,546.0,78.868,79.001,78.735,88716.0,23581.0,23960.0
fa_mot_v2_resume,16.0,unknown,/gemini/code/FMtrack-main/FM-Track/outputs/fa_mot_v2_resume/train/eval_during_train/epoch_16/tracker/tracker_default/pedestrian_summary.txt,79.343,89.679,70.38,93.305,93.372,77.001,86.946,92.582,81.027,86.1,91.516,78.795,95.069,91.934,97.888,98.908,98.979,97.802,1.0989,1.0989,111071.0,1226.0,1146.0,3165.0,534.0,6.0,6.0,260.0,87.092,112217.0,112297.0,3065.0,546.0,82.388,82.358,82.417,92486.0,19811.0,19731.0
fa_mot_v2_resume,17.0,unknown,/gemini/code/FMtrack-main/FM-Track/outputs/fa_mot_v2_resume/train/eval_during_train/epoch_17/tracker/tracker_default/pedestrian_summary.txt,79.365,89.566,70.504,93.567,93.09,77.713,86.449,92.673,81.213,85.945,91.546,78.679,95.402,91.971,97.554,99.033,98.528,97.436,1.4652,1.0989,111211.0,1086.0,1661.0,2416.0,532.0,8.0,6.0,194.0,87.451,112872.0,112297.0,2166.0,546.0,82.359,82.569,82.149,92723.0,19574.0,20149.0
fa_mot_v2_resume,18.0,unknown,/gemini/code/FMtrack-main/FM-Track/outputs/fa_mot_v2_resume/train/eval_during_train/epoch_18/tracker/tracker_default/pedestrian_summary.txt,81.586,90.147,74.014,93.757,93.728,82.19,85.62,92.955,83.295,88.013,91.966,80.943,96.424,92.252,97.714,98.873,98.842,95.788,2.5641,1.6484,111031.0,1266.0,1301.0,1449.0,523.0,14.0,9.0,245.0,88.763,112332.0,112297.0,1376.0,546.0,84.347,84.36,84.334,94734.0,17563.0,17598.0
fa_mot_v2_resume,19.0,unknown,/gemini/code/FMtrack-main/FM-Track/outputs/fa_mot_v2_resume/train/eval_during_train/epoch_19/tracker/tracker_default/pedestrian_summary.txt,83.196,90.449,76.711,93.772,94.051,84.768,86.306,93.026,84.806,89.604,92.025,82.457,97.41,92.372,98.306,99.005,99.299,97.436,1.0989,1.4652,111180.0,1117.0,785.0,1006.0,532.0,6.0,8.0,209.0,89.858,111965.0,112297.0,963.0,546.0,86.089,85.961,86.216,96532.0,15765.0,15433.0
fa_mot_v2_resume,20.0,unknown,/gemini/code/FMtrack-main/FM-Track/outputs/fa_mot_v2_resume/train/eval_during_train/epoch_20/tracker/tracker_default/pedestrian_summary.txt,85.458,90.705,80.716,93.903,94.369,89.316,87.237,93.202,87.05,91.642,92.264,84.552,97.063,92.546,98.043,98.775,99.264,97.619,1.2821,1.0989,110921.0,1376.0,822.0,1100.0,533.0,7.0,6.0,335.0,89.7,111743.0,112297.0,1013.0,546.0,88.62,88.401,88.84,99272.0,13025.0,12471.0
fa_mot_v2_resume,21.0,unknown,/gemini/code/FMtrack-main/FM-Track/outputs/fa_mot_v2_resume/train/eval_during_train/epoch_21/tracker/tracker_default/pedestrian_summary.txt,83.386,90.431,77.086,93.869,93.966,86.284,85.504,92.981,85.055,89.796,91.98,82.594,97.08,92.105,98.02,98.958,99.061,97.436,1.4652,1.0989,111127.0,1170.0,1053.0,1056.0,532.0,8.0,6.0,235.0,89.267,112180.0,112297.0,1010.0,546.0,86.608,86.563,86.654,97208.0,15089.0,14972.0
fa_mot_v2_resume,22.0,unknown,/gemini/code/FMtrack-main/FM-Track/outputs/fa_mot_v2_resume/train/eval_during_train/epoch_22/tracker/tracker_default/pedestrian_summary.txt,86.268,90.476,82.441,93.987,93.932,89.728,88.351,93.034,88.018,93.01,92.024,85.592,97.169,92.411,98.119,99.089,99.031,97.253,1.4652,1.2821,111274.0,1023.0,1089.0,1067.0,531.0,8.0,7.0,184.0,89.65,112363.0,112297.0,1040.0,546.0,90.784,90.811,90.758,101978.0,10319.0,10385.0
fa_mot_v2_resume,23.0,unknown,/gemini/code/FMtrack-main/FM-Track/outputs/fa_mot_v2_resume/train/eval_during_train/epoch_23/tracker/tracker_default/pedestrian_summary.txt,83.216,90.653,76.558,94.167,94.01,83.17,87.972,93.14,84.901,89.575,92.145,82.54,96.92,92.451,98.036,99.101,98.937,97.985,0.7326,1.2821,111288.0,1009.0,1196.0,1254.0,535.0,4.0,7.0,170.0,89.439,112484.0,112297.0,1354.0,546.0,86.687,86.759,86.615,97428.0,14869.0,15056.0
fa_mot_v2_resume,24.0,unknown,/gemini/code/FMtrack-main/FM-Track/outputs/fa_mot_v2_resume/train/eval_during_train/epoch_24/tracker/tracker_default/pedestrian_summary.txt,86.504,90.958,82.442,94.271,94.286,90.634,87.911,93.233,88.153,92.933,92.316,85.792,97.424,92.642,98.211,99.098,99.113,97.985,0.7326,1.2821,111284.0,1013.0,996.0,884.0,535.0,4.0,7.0,190.0,90.132,112280.0,112297.0,837.0,546.0,90.487,90.481,90.494,101607.0,10690.0,10673.0
fa_mot_v2_resume,25.0,unknown,/gemini/code/FMtrack-main/FM-Track/outputs/fa_mot_v2_resume/train/eval_during_train/epoch_25/tracker/tracker_default/pedestrian_summary.txt,83.35,90.546,76.902,94.142,93.911,84.038,87.333,93.126,85.078,89.789,92.15,82.741,96.511,92.436,98.086,99.166,98.922,98.168,0.7326,1.0989,111361.0,936.0,1213.0,1769.0,536.0,4.0,6.0,184.0,89.01,112574.0,112297.0,1596.0,546.0,86.956,87.063,86.849,97769.0,14528.0,14805.0
fa_mot_v2_resume,26.0,unknown,/gemini/code/FMtrack-main/FM-Track/outputs/fa_mot_v2_resume/train/eval_during_train/epoch_26/tracker/tracker_default/pedestrian_summary.txt,86.358,90.675,82.428,94.312,93.944,91.279,87.269,93.23,88.163,92.686,92.306,85.554,97.174,92.572,97.902,99.147,98.76,97.985,0.54945,1.4652,111339.0,958.0,1398.0,818.0,535.0,3.0,8.0,190.0,89.808,112737.0,112297.0,833.0,546.0,90.298,90.475,90.122,101601.0,10696.0,11136.0
fa_mot_v2_resume,27.0,unknown,/gemini/code/FMtrack-main/FM-Track/outputs/fa_mot_v2_resume/train/eval_during_train/epoch_27/tracker/tracker_default/pedestrian_summary.txt,85.205,90.457,80.457,93.896,94.104,86.824,89.572,93.163,86.907,91.667,92.154,84.475,95.767,92.462,97.541,98.66,98.879,95.971,3.1136,0.91575,110792.0,1505.0,1256.0,1993.0,524.0,17.0,5.0,274.0,88.33,112048.0,112297.0,1659.0,546.0,89.188,89.089,89.287,100044.0,12253.0,12004.0
fa_mot_v2_resume,28.0,unknown,/gemini/code/FMtrack-main/FM-Track/outputs/fa_mot_v2_resume/train/eval_during_train/epoch_28/tracker/tracker_default/pedestrian_summary.txt,86.823,90.745,83.244,94.333,94.063,90.813,88.52,93.275,88.609,93.203,92.296,86.022,97.124,92.635,97.774,99.03,98.747,97.253,1.4652,1.2821,111208.0,1089.0,1411.0,730.0,531.0,8.0,7.0,152.0,89.83,112619.0,112297.0,761.0,546.0,91.18,91.311,91.049,102539.0,9758.0,10080.0
fa_mot_v2_resume,29.0,unknown,/gemini/code/FMtrack-main/FM-Track/outputs/fa_mot_v2_resume/train/eval_during_train/epoch_29/tracker/tracker_default/pedestrian_summary.txt,84.916,90.733,79.651,94.164,94.141,86.566,89.421,93.158,86.597,91.332,92.163,84.174,95.89,92.592,98.06,99.042,99.018,97.436,1.0989,1.4652,111221.0,1076.0,1103.0,2436.0,532.0,6.0,8.0,196.0,88.553,112324.0,112297.0,1988.0,546.0,88.553,88.563,88.542,99454.0,12843.0,12870.0
fa_mot_v2_resume,30.0,unknown,/gemini/code/FMtrack-main/FM-Track/outputs/fa_mot_v2_resume/train/eval_during_train/epoch_30/tracker/tracker_default/pedestrian_summary.txt,86.167,90.698,82.019,94.439,93.873,89.095,88.913,93.24,88.006,92.571,92.311,85.454,96.017,92.64,97.862,99.232,98.638,97.802,0.91575,1.2821,111435.0,862.0,1539.0,2072.0,534.0,5.0,7.0,142.0,88.713,112974.0,112297.0,1864.0,546.0,90.113,90.384,89.843,101499.0,10798.0,11475.0
fa_mot_v2_resume_eval,,MOT17,/gemini/code/FMtrack-main/FM-Track/outputs/fa_mot_v2_resume_eval/evaluate/default/MOT17/train/checkpoint_13/tracker/tracker_default/pedestrian_summary.txt,20.524,89.558,4.7451,92.648,94.146,6.4846,96.028,92.908,20.929,22.104,91.992,20.334,12.753,92.247,97.258,97.833,99.415,95.788,2.9304,1.2821,109864.0,2433.0,646.0,94897.0,523.0,16.0,7.0,677.0,5.1677,110510.0,112297.0,95516.0,546.0,8.7098,8.6405,8.7802,9703.0,102594.0,100807.0
fa_mot_v2_resume_eval_mot17_train,,MOT17,/gemini/code/FMtrack-main/FM-Track/outputs/fa_mot_v2_resume_eval_mot17_train/evaluate/default/MOT17/train/checkpoint_28/tracker/tracker_default/pedestrian_summary.txt,86.818,90.731,83.248,94.329,94.051,91.155,88.065,93.273,88.61,93.186,92.291,86.003,97.119,92.65,97.754,99.025,98.733,97.253,1.4652,1.2821,333606.0,3285.0,4281.0,2139.0,1593.0,24.0,21.0,465.0,89.841,337887.0,336891.0,2247.0,1638.0,91.058,91.192,90.923,307218.0,29673.0,30669.0
fa_mot_v2_resume_eval_mot17_train,,MOT17,/gemini/code/FMtrack-main/FM-Track/outputs/fa_mot_v2_resume_eval_mot17_train/evaluate/default/MOT17/train/checkpoint_30/tracker/tracker_default/pedestrian_summary.txt,86.137,90.738,81.926,94.452,93.904,89.03,89.004,93.246,87.962,92.532,92.325,85.43,96.054,92.636,97.89,99.237,98.661,97.802,0.91575,1.2821,334320.0,2571.0,4539.0,6183.0,1602.0,15.0,21.0,405.0,88.747,338859.0,336891.0,5592.0,1638.0,89.888,90.15,89.627,303708.0,33183.0,35151.0
fa_mot_v2_resume_eval_mot17_train_hq,,MOT17,/gemini/code/FMtrack-main/FM-Track/outputs/fa_mot_v2_resume_eval_mot17_train_hq/evaluate/default/MOT17/train/checkpoint_28/tracker/tracker_default/pedestrian_summary.txt,86.675,89.85,83.788,93.08,94.372,89.545,90.475,93.272,88.306,93.014,92.287,85.84,96.567,92.74,96.914,97.773,99.13,90.11,7.326,2.5641,329388.0,7503.0,2892.0,1170.0,1476.0,120.0,42.0,2685.0,89.469,332280.0,336891.0,1680.0,1638.0,91.098,90.474,91.73,304800.0,32091.0,27480.0
fa_mot_v2_resume_eval_mot20,,MOT20,/gemini/code/FMtrack-main/FM-Track/outputs/fa_mot_v2_resume_eval_mot20/evaluate/default/MOT20/train/checkpoint_22/tracker/tracker_default/pedestrian_summary.txt,13.224,20.205,9.0208,20.805,72.79,9.9537,59.445,78.438,13.469,17.124,72.756,12.459,21.256,74.534,26.04,27.311,95.555,3.1151,47.133,49.752,309875.0,824739.0,14416.0,54283.0,69.0,1044.0,1102.0,36659.0,14.301,324291.0,1134614.0,32425.0,2215.0,13.874,8.9195,31.207,101202.0,1033412.0,223089.0
fa_mot_v2_resume_eval_mot20,,MOT20,/gemini/code/FMtrack-main/FM-Track/outputs/fa_mot_v2_resume_eval_mot20/evaluate/default/MOT20/train/checkpoint_23/tracker/tracker_default/pedestrian_summary.txt,12.624,20.367,8.1583,21.035,71.785,8.9217,58.152,77.987,12.881,16.458,71.632,11.789,21.295,74.093,25.758,27.53,93.952,3.1603,46.411,50.429,312360.0,822254.0,20109.0,50639.0,70.0,1028.0,1117.0,38510.0,14.162,332469.0,1134614.0,27998.0,2215.0,12.935,8.3624,28.538,94881.0,1039733.0,237588.0
fa_mot_v2_resume_eval_mot20,,MOT20,/gemini/code/FMtrack-main/FM-Track/outputs/fa_mot_v2_resume_eval_mot20/evaluate/default/MOT20/train/checkpoint_24/tracker/tracker_default/pedestrian_summary.txt,13.246,20.691,8.8547,21.329,72.671,9.7713,61.19,78.45,13.502,17.142,72.761,12.472,22.039,74.607,26.495,27.923,95.136,3.2054,47.088,49.707,316814.0,817800.0,16197.0,50561.0,71.0,1043.0,1101.0,37030.0,14.949,333011.0,1134614.0,28596.0,2215.0,13.606,8.7996,29.982,99842.0,1034772.0,233169.0
fa_mot_v2_resume_eval_mot20,,MOT20,/gemini/code/FMtrack-main/FM-Track/outputs/fa_mot_v2_resume_eval_mot20/evaluate/default/MOT20/train/checkpoint_25/tracker/tracker_default/pedestrian_summary.txt,12.546,20.374,8.0831,21.084,70.866,8.7919,58.401,77.649,12.817,16.479,71.126,11.721,20.93,73.689,25.699,27.725,93.189,3.8826,46.591,49.526,314571.0,820043.0,22992.0,54105.0,86.0,1032.0,1097.0,38636.0,13.635,337563.0,1134614.0,29793.0,2215.0,12.783,8.2931,27.875,94095.0,1040519.0,243468.0
fa_mot_v2_resume_eval_mot20,,MOT20,/gemini/code/FMtrack-main/FM-Track/outputs/fa_mot_v2_resume_eval_mot20/evaluate/default/MOT20/train/checkpoint_26/tracker/tracker_default/pedestrian_summary.txt,14.196,21.08,9.9972,21.786,71.553,10.991,54.429,77.806,14.494,18.599,71.448,13.288,23.855,73.811,27.372,28.91,94.95,3.702,49.029,47.269,328018.0,806596.0,17447.0,39905.0,82.0,1086.0,1047.0,41823.0,16.284,345465.0,1134614.0,17189.0,2215.0,15.354,10.014,32.89,113624.0,1020990.0,231841.0
fa_mot_v2_resume_eval_mot20,,MOT20,/gemini/code/FMtrack-main/FM-Track/outputs/fa_mot_v2_resume_eval_mot20/evaluate/default/MOT20/train/checkpoint_27/tracker/tracker_default/pedestrian_summary.txt,13.215,18.795,9.702,19.338,71.885,10.249,64.844,77.865,13.456,17.179,71.628,12.305,20.927,73.79,24.138,25.52,94.862,2.4831,43.16,54.357,289550.0,845064.0,15682.0,36430.0,55.0,956.0,1204.0,32851.0,14.238,305232.0,1134614.0,18516.0,2215.0,14.212,9.0177,33.521,102316.0,1032298.0,202916.0
fa_mot_v2_resume_eval_mot20,,MOT20,/gemini/code/FMtrack-main/FM-Track/outputs/fa_mot_v2_resume_eval_mot20/evaluate/default/MOT20/train/checkpoint_28/tracker/tracker_default/pedestrian_summary.txt,13.756,20.328,9.764,21.041,70.586,10.684,58.195,77.487,14.057,18.122,70.888,12.847,22.195,73.318,26.089,27.949,93.761,3.6117,47.946,48.442,317110.0,817504.0,21101.0,44182.0,80.0,1062.0,1073.0,36608.0,14.738,338211.0,1134614.0,23696.0,2215.0,14.969,9.7157,32.594,110236.0,1024378.0,227975.0
fa_mot_v2_resume_eval_mot20,,MOT20,/gemini/code/FMtrack-main/FM-Track/outputs/fa_mot_v2_resume_eval_mot20/evaluate/default/MOT20/train/checkpoint_29/tracker/tracker_default/pedestrian_summary.txt,11.797,19.486,7.461,20.079,72.227,7.9884,63.371,78.303,12.021,15.259,72.434,11.053,19.919,74.335,24.956,26.378,94.886,2.7088,45.237,52.054,299288.0,835326.0,16131.0,57155.0,60.0,1002.0,1153.0,35501.0,13.149,315419.0,1134614.0,37015.0,2215.0,12.323,7.8744,28.325,89344.0,1045270.0,226075.0
fa_mot_v2_resume_eval_mot20,,MOT20,/gemini/code/FMtrack-main/FM-Track/outputs/fa_mot_v2_resume_eval_mot20/evaluate/default/MOT20/train/checkpoint_30/tracker/tracker_default/pedestrian_summary.txt,14.664,21.332,10.453,22.046,72.264,11.469,54.843,78.343,14.964,19.089,72.27,13.795,24.439,74.478,27.562,29.035,95.173,4.0181,48.894,47.088,329430.0,805184.0,16709.0,35434.0,89.0,1083.0,1043.0,38226.0,17.029,346139.0,1134614.0,15187.0,2215.0,16.248,10.603,34.755,120300.0,1014314.0,225839.0
fa_mot_v2_train_0112_frcnn,0.0,unknown,/gemini/code/FMtrack-main/FM-Track/outputs/fa_mot_v2_train_0112_frcnn/train/eval_during_train/epoch_0_diagthr/tracker/tracker_default/pedestrian_summary.txt,7.155,23.006,2.2899,59.514,25.498,2.8559,74.899,76.618,11.549,10.748,65.434,7.033,-144.09,74.809,-82.326,75.543,32.365,57.875,34.066,8.0586,84832.0,27465.0,177282.0,69355.0,316.0,186.0,44.0,5171.0,-163.12,262114.0,112297.0,216097.0,546.0,4.3295,7.2175,3.0922,8105.0,104192.0,254009.0
fa_mot_v2_train_0112_mot17_val02_10,0.0,unknown,/gemini/code/FMtrack-main/FM-Track/outputs/fa_mot_v2_train_0112_mot17_val02_10/train/eval_during_train/epoch_0_default/tracker/tracker_default/pedestrian_summary.txt,9.1605,11.603,7.3861,12.19,60.835,10.046,51.603,77.424,9.409,12.376,67.083,8.3023,4.7422,75.181,9.9236,14.981,74.762,0.84034,19.328,79.832,4707.0,26713.0,1589.0,1628.0,1.0,23.0,95.0,1300.0,1.0241,6296.0,31420.0,1806.0,119.0,8.3996,5.0414,25.159,1584.0,29836.0,4712.0
fa_mot_v2_train_0112_mot17_val02_10,0.0,unknown,/gemini/code/FMtrack-main/FM-Track/outputs/fa_mot_v2_train_0112_mot17_val02_10/train/eval_during_train/epoch_0_diagthr/tracker/tracker_default/pedestrian_summary.txt,5.161,20.529,1.4361,47.06,24.402,1.6379,79.48,73.351,7.889,7.7131,56.433,4.3527,-129.52,71.714,-82.237,55.306,28.678,24.37,49.58,26.05,17377.0,14043.0,43216.0,14856.0,29.0,59.0,31.0,1817.0,-145.16,60593.0,31420.0,52013.0,119.0,2.8105,4.1152,2.1339,1293.0,30127.0,59300.0
fa_mot_v2_train_0112_mot17_val02_10,10.0,unknown,/gemini/code/FMtrack-main/FM-Track/outputs/fa_mot_v2_train_0112_mot17_val02_10/train/eval_during_train/epoch_10_default/tracker/tracker_default/pedestrian_summary.txt,27.555,27.418,28.182,29.309,70.833,31.061,69.314,80.537,28.586,34.479,73.479,25.335,27.393,78.084,29.488,35.433,85.632,15.126,31.933,52.941,11133.0,20287.0,1868.0,658.0,18.0,38.0,63.0,881.0,19.628,13001.0,31420.0,470.0,119.0,31.4,22.196,53.642,6974.0,24446.0,6027.0
fa_mot_v2_train_0112_mot17_val02_10,10.0,unknown,/gemini/code/FMtrack-main/FM-Track/outputs/fa_mot_v2_train_0112_mot17_val02_10/train/eval_during_train/epoch_10_diagthr/tracker/tracker_default/pedestrian_summary.txt,25.555,28.225,24.047,35.564,51.395,25.3,71.291,78.384,28.869,32.896,66.966,22.029,10.614,76.059,15.863,42.53,61.462,20.168,34.454,45.378,13363.0,18057.0,8379.0,1649.0,24.0,41.0,54.0,1147.0,0.43218,21742.0,31420.0,2830.0,119.0,26.703,22.591,32.646,7098.0,24322.0,14644.0
fa_mot_v2_train_0112_mot17_val02_10,11.0,unknown,/gemini/code/FMtrack-main/FM-Track/outputs/fa_mot_v2_train_0112_mot17_val02_10/train/eval_during_train/epoch_11_default/tracker/tracker_default/pedestrian_summary.txt,27.332,27.4,27.699,29.276,70.965,29.953,70.496,80.625,28.341,34.354,73.603,25.285,27.104,78.125,29.344,35.299,85.565,15.126,31.933,52.941,11091.0,20329.0,1871.0,704.0,18.0,38.0,63.0,904.0,19.382,12962.0,31420.0,471.0,119.0,30.855,21.792,52.824,6847.0,24573.0,6115.0
fa_mot_v2_train_0112_mot17_val02_10,11.0,unknown,/gemini/code/FMtrack-main/FM-Track/outputs/fa_mot_v2_train_0112_mot17_val02_10/train/eval_during_train/epoch_11_diagthr/tracker/tracker_default/pedestrian_summary.txt,24.605,28.034,22.499,35.318,51.294,23.647,71.53,78.434,27.798,31.463,67.013,21.084,10.159,76.375,15.398,42.126,61.181,20.168,33.613,46.218,13236.0,18184.0,8398.0,1646.0,24.0,40.0,55.0,1145.0,0.20706,21634.0,31420.0,2819.0,119.0,24.986,21.095,30.637,6628.0,24792.0,15006.0
fa_mot_v2_train_0112_mot17_val02_10,1.0,unknown,/gemini/code/FMtrack-main/FM-Track/outputs/fa_mot_v2_train_0112_mot17_val02_10/train/eval_during_train/epoch_1_default/tracker/tracker_default/pedestrian_summary.txt,16.297,23.199,11.629,25.61,60.784,14.429,70.344,77.385,17.176,22.683,67.139,15.229,8.5869,74.916,22.113,32.123,76.243,10.924,36.975,52.101,10093.0,21327.0,3145.0,4250.0,13.0,44.0,62.0,1201.0,0.5292,13238.0,31420.0,5113.0,119.0,17.65,12.543,29.77,3941.0,27479.0,9297.0
fa_mot_v2_train_0112_mot17_val02_10,1.0,unknown,/gemini/code/FMtrack-main/FM-Track/outputs/fa_mot_v2_train_0112_mot17_val02_10/train/eval_during_train/epoch_1_diagthr/tracker/tracker_default/pedestrian_summary.txt,10.765,20.211,6.339,46.777,24.109,6.88,66.487,73.707,16.541,15.259,56.453,8.614,-107.18,72.059,-79.287,57.368,29.568,26.891,49.58,23.529,18025.0,13395.0,42937.0,8764.0,32.0,59.0,28.0,1499.0,-123.21,60962.0,31420.0,38536.0,119.0,8.27,12.158,6.2662,3820.0,27600.0,57142.0
fa_mot_v2_train_0112_mot17_val02_10,2.0,unknown,/gemini/code/FMtrack-main/FM-Track/outputs/fa_mot_v2_train_0112_mot17_val02_10/train/eval_during_train/epoch_2_default/tracker/tracker_default/pedestrian_summary.txt,2.8986,25.134,0.36967,27.221,67.298,0.36973,99.922,80.314,3.0331,3.7183,73.581,2.736,-7.1483,78.015,25.318,32.884,81.297,10.084,37.815,52.101,10332.0,21088.0,2377.0,10201.0,12.0,45.0,62.0,1163.0,-14.378,12709.0,31420.0,12648.0,119.0,0.62997,0.44239,1.0937,139.0,31281.0,12570.0
fa_mot_v2_train_0112_mot17_val02_10,2.0,unknown,/gemini/code/FMtrack-main/FM-Track/outputs/fa_mot_v2_train_0112_mot17_val02_10/train/eval_during_train/epoch_2_diagthr/tracker/tracker_default/pedestrian_summary.txt,9.8747,21.853,4.8668,45.586,27.45,5.0012,84.235,76.298,14.39,12.759,62.153,7.9299,-87.804,74.458,-57.747,54.16,32.613,26.05,51.261,22.689,17017.0,14403.0,35161.0,9444.0,31.0,61.0,27.0,1442.0,-101.64,52178.0,31420.0,40216.0,119.0,6.6557,8.8542,5.3317,2782.0,28638.0,49396.0
fa_mot_v2_train_0112_mot17_val02_10,3.0,unknown,/gemini/code/FMtrack-main/FM-Track/outputs/fa_mot_v2_train_0112_mot17_val02_10/train/eval_during_train/epoch_3_default/tracker/tracker_default/pedestrian_summary.txt,21.428,24.476,19.107,26.182,68.077,21.589,66.173,79.161,22.236,27.792,71.553,19.886,21.413,76.647,26.213,32.336,84.078,13.445,31.933,54.622,10160.0,21260.0,1924.0,1508.0,16.0,38.0,65.0,785.0,13.862,12084.0,31420.0,1610.0,119.0,24.637,17.056,44.348,5359.0,26061.0,6725.0
fa_mot_v2_train_0112_mot17_val02_10,3.0,unknown,/gemini/code/FMtrack-main/FM-Track/outputs/fa_mot_v2_train_0112_mot17_val02_10/train/eval_during_train/epoch_3_diagthr/tracker/tracker_default/pedestrian_summary.txt,13.355,19.764,10.107,43.007,24.721,10.607,69.367,74.519,19.91,17.839,57.217,10.207,-88.549,72.978,-70.621,51.674,29.703,24.37,43.697,31.933,16236.0,15184.0,38425.0,5633.0,29.0,52.0,38.0,1397.0,-102.51,54661.0,31420.0,29853.0,119.0,10.135,13.883,7.9801,4362.0,27058.0,50299.0
fa_mot_v2_train_0112_mot17_val02_10,4.0,unknown,/gemini/code/FMtrack-main/FM-Track/outputs/fa_mot_v2_train_0112_mot17_val02_10/train/eval_during_train/epoch_4_default/tracker/tracker_default/pedestrian_summary.txt,21.866,28.174,17.306,31.12,65.295,19.836,68.264,79.532,23.07,28.157,71.541,20.144,21.146,77.005,28.081,37.871,79.459,15.966,35.294,48.739,11899.0,19521.0,3076.0,2179.0,19.0,42.0,58.0,1059.0,12.437,14975.0,31420.0,2438.0,119.0,24.3,17.941,37.643,5637.0,25783.0,9338.0
fa_mot_v2_train_0112_mot17_val02_10,4.0,unknown,/gemini/code/FMtrack-main/FM-Track/outputs/fa_mot_v2_train_0112_mot17_val02_10/train/eval_during_train/epoch_4_diagthr/tracker/tracker_default/pedestrian_summary.txt,15.616,22.547,11.784,46.188,28.193,12.437,68.032,75.755,22.568,20.579,59.916,12.33,-70.162,74.179,-51.512,56.158,34.279,27.731,44.538,27.731,17645.0,13775.0,33830.0,5860.0,33.0,53.0,33.0,1473.0,-84.663,51475.0,31420.0,22145.0,119.0,12.351,16.292,9.9446,5119.0,26301.0,46356.0
fa_mot_v2_train_0112_mot17_val02_10,5.0,unknown,/gemini/code/FMtrack-main/FM-Track/outputs/fa_mot_v2_train_0112_mot17_val02_10/train/eval_during_train/epoch_5_default/tracker/tracker_default/pedestrian_summary.txt,24.632,27.241,22.649,29.168,70.275,25.059,71.741,80.515,25.572,31.014,74.337,23.055,26.165,77.263,30.372,35.939,86.588,16.807,30.252,52.941,11292.0,20128.0,1749.0,1322.0,20.0,36.0,63.0,820.0,17.993,13041.0,31420.0,1306.0,119.0,28.51,20.172,48.601,6338.0,25082.0,6703.0
fa_mot_v2_train_0112_mot17_val02_10,5.0,unknown,/gemini/code/FMtrack-main/FM-Track/outputs/fa_mot_v2_train_0112_mot17_val02_10/train/eval_during_train/epoch_5_diagthr/tracker/tracker_default/pedestrian_summary.txt,15.8,22.049,12.132,41.12,29.79,12.716,70.882,76.607,21.752,20.625,61.28,12.639,-51.489,74.531,-40.045,48.994,35.495,24.37,42.017,33.613,15394.0,16026.0,27976.0,3596.0,29.0,50.0,40.0,1305.0,-63.968,43370.0,31420.0,17631.0,119.0,13.02,15.496,11.227,4869.0,26551.0,38501.0
fa_mot_v2_train_0112_mot17_val02_10,6.0,unknown,/gemini/code/FMtrack-main/FM-Track/outputs/fa_mot_v2_train_0112_mot17_val02_10/train/eval_during_train/epoch_6_default/tracker/tracker_default/pedestrian_summary.txt,25.712,29.048,23.185,32.217,65.839,25.016,70.561,80.23,27.181,32.798,72.28,23.707,22.833,77.979,28.17,38.552,78.784,15.126,36.975,47.899,12113.0,19307.0,3262.0,1677.0,18.0,44.0,57.0,898.0,14.343,15375.0,31420.0,1786.0,119.0,28.721,21.388,43.707,6720.0,24700.0,8655.0
fa_mot_v2_train_0112_mot17_val02_10,6.0,unknown,/gemini/code/FMtrack-main/FM-Track/outputs/fa_mot_v2_train_0112_mot17_val02_10/train/eval_during_train/epoch_6_diagthr/tracker/tracker_default/pedestrian_summary.txt,18.003,24.678,14.192,43.344,33.379,15.012,68.567,76.765,24.09,23.412,61.574,14.416,-41.54,75.351,-28.046,50.904,39.201,23.529,43.697,32.773,15994.0,15426.0,24806.0,4240.0,28.0,52.0,39.0,1379.0,-54.088,40800.0,31420.0,14880.0,119.0,15.622,17.954,13.826,5641.0,25779.0,35159.0
fa_mot_v2_train_0112_mot17_val02_10,7.0,unknown,/gemini/code/FMtrack-main/FM-Track/outputs/fa_mot_v2_train_0112_mot17_val02_10/train/eval_during_train/epoch_7_default/tracker/tracker_default/pedestrian_summary.txt,27.1,28.782,25.939,31.267,68.618,28.543,71.048,80.303,28.343,34.33,73.121,25.102,26.709,77.88,30.398,37.982,83.355,16.807,34.454,48.739,11934.0,19486.0,2383.0,1159.0,20.0,41.0,58.0,914.0,18.307,14317.0,31420.0,1214.0,119.0,31.511,22.934,50.332,7206.0,24214.0,7111.0
fa_mot_v2_train_0112_mot17_val02_10,7.0,unknown,/gemini/code/FMtrack-main/FM-Track/outputs/fa_mot_v2_train_0112_mot17_val02_10/train/eval_during_train/epoch_7_diagthr/tracker/tracker_default/pedestrian_summary.txt,18.774,25.074,14.986,41.488,35.488,15.743,68.861,77.183,24.352,24.251,63.438,15.384,-28.141,75.276,-17.304,49.803,42.599,22.689,42.857,34.454,15648.0,15772.0,21085.0,3405.0,27.0,51.0,41.0,1396.0,-40.454,36733.0,31420.0,10909.0,119.0,16.718,18.132,15.509,5697.0,25723.0,31036.0
fa_mot_v2_train_0112_mot17_val02_10,8.0,unknown,/gemini/code/FMtrack-main/FM-Track/outputs/fa_mot_v2_train_0112_mot17_val02_10/train/eval_during_train/epoch_8_default/tracker/tracker_default/pedestrian_summary.txt,27.3,27.629,27.364,29.413,71.663,30.128,69.041,80.624,28.253,34.271,73.758,25.278,28.1,78.084,30.185,35.614,86.771,15.966,30.252,53.782,11190.0,20230.0,1706.0,655.0,19.0,36.0,64.0,865.0,20.295,12896.0,31420.0,469.0,119.0,31.474,22.196,54.079,6974.0,24446.0,5922.0
fa_mot_v2_train_0112_mot17_val02_10,8.0,unknown,/gemini/code/FMtrack-main/FM-Track/outputs/fa_mot_v2_train_0112_mot17_val02_10/train/eval_during_train/epoch_8_diagthr/tracker/tracker_default/pedestrian_summary.txt,22.779,27.622,19.585,35.87,48.783,20.478,71.345,78.253,26.131,29.34,66.201,19.423,6.1871,76.3,12.212,42.871,58.304,21.849,35.294,42.857,13470.0,17950.0,9633.0,1893.0,26.0,42.0,51.0,1176.0,-3.9733,23103.0,31420.0,3750.0,119.0,22.757,19.745,26.854,6204.0,25216.0,16899.0
fa_mot_v2_train_0112_mot17_val02_10,9.0,unknown,/gemini/code/FMtrack-main/FM-Track/outputs/fa_mot_v2_train_0112_mot17_val02_10/train/eval_during_train/epoch_9_default/tracker/tracker_default/pedestrian_summary.txt,27.905,27.439,28.772,29.279,71.164,31.216,69.38,80.572,28.909,35.182,73.53,25.87,27.661,78.039,29.742,35.442,86.145,16.807,31.092,52.101,11136.0,20284.0,1791.0,654.0,20.0,37.0,62.0,893.0,19.877,12927.0,31420.0,500.0,119.0,32.449,22.899,55.659,7195.0,24225.0,5732.0
fa_mot_v2_train_0112_mot17_val02_10,9.0,unknown,/gemini/code/FMtrack-main/FM-Track/outputs/fa_mot_v2_train_0112_mot17_val02_10/train/eval_during_train/epoch_9_diagthr/tracker/tracker_default/pedestrian_summary.txt,23.92,27.73,21.635,35.997,48.841,22.726,70.637,78.165,27.449,30.59,66.174,20.243,6.4067,76.046,12.594,43.148,58.544,21.008,35.294,43.697,13557.0,17863.0,9600.0,1944.0,25.0,42.0,52.0,1186.0,-3.9287,23157.0,31420.0,3512.0,119.0,23.75,20.627,27.987,6481.0,24939.0,16676.0
fa_mot_v3_smoke,1.0,unknown,/gemini/code/FMtrack-main/FM-Track/outputs/fa_mot_v3_smoke/train/eval_during_train/epoch_1/tracker/tracker_default/pedestrian_summary.txt,31.792,71.962,14.196,83.445,79.622,16.666,78.774,88.834,34.345,36.636,85.923,31.479,45.447,87.749,80.599,92.7,88.453,90.045,8.5973,1.3575,85719.0,6750.0,11190.0,32505.0,597.0,57.0,9.0,1989.0,34.089,96909.0,92469.0,35496.0,663.0,28.327,29.008,27.679,26823.0,65646.0,70086.0
fa_mot_v3_smoke,2.0,unknown,/gemini/code/FMtrack-main/FM-Track/outputs/fa_mot_v3_smoke/train/eval_during_train/epoch_2/tracker/tracker_default/pedestrian_summary.txt,37.946,63.537,22.921,81.464,70.37,26.769,73.961,87.825,43.109,44.166,84.232,37.202,51.861,86.487,67.125,91.445,78.992,84.615,14.027,1.3575,84558.0,7911.0,22488.0,14115.0,561.0,93.0,9.0,2397.0,39.504,107046.0,92469.0,24309.0,663.0,35.814,38.637,33.375,35727.0,56742.0,71319.0
fa_mot_v3_smoke,3.0,unknown,/gemini/code/FMtrack-main/FM-Track/outputs/fa_mot_v3_smoke/train/eval_during_train/epoch_3/tracker/tracker_default/pedestrian_summary.txt,37.859,64.202,22.618,79.352,72.446,25.586,73.983,87.137,42.25,44.386,83.249,36.95,55.193,85.846,70.275,89.904,82.08,79.186,17.647,3.1674,83133.0,9336.0,18150.0,13947.0,525.0,117.0,21.0,2658.0,42.468,101283.0,92469.0,19947.0,663.0,35.154,36.83,33.625,34056.0,58413.0,67227.0
fa_mot_v3_smoke,4.0,unknown,/gemini/code/FMtrack-main/FM-Track/outputs/fa_mot_v3_smoke/train/eval_during_train/epoch_4/tracker/tracker_default/pedestrian_summary.txt,42.44,65.603,27.799,77.121,76.077,31.155,74.599,86.88,46.19,50.061,82.819,41.46,63.696,85.408,73.465,87.418,86.235,72.851,24.434,2.7149,80835.0,11634.0,12903.0,9033.0,483.0,162.0,18.0,2835.0,50.939,93738.0,92469.0,10374.0,663.0,42.227,42.517,41.941,39315.0,53154.0,54423.0
fa_mot_v3_smoke,5.0,unknown,/gemini/code/FMtrack-main/FM-Track/outputs/fa_mot_v3_smoke/train/eval_during_train/epoch_5/tracker/tracker_default/pedestrian_summary.txt,41.543,64.77,26.999,74.759,77.557,30.864,72.145,87.196,44.806,48.698,83.333,40.581,61.762,86.013,72.417,84.405,87.564,75.113,22.172,2.7149,78048.0,14421.0,11085.0,9852.0,498.0,147.0,18.0,3024.0,49.956,89133.0,92469.0,9603.0,663.0,41.501,40.752,42.277,37683.0,54786.0,51450.0
fa_mot_v3_smoke,6.0,unknown,/gemini/code/FMtrack-main/FM-Track/outputs/fa_mot_v3_smoke/train/eval_during_train/epoch_6/tracker/tracker_default/pedestrian_summary.txt,39.757,64.164,24.994,73.173,78.09,27.594,76.244,86.784,42.633,46.584,82.942,38.637,61.577,85.42,72.459,83.081,88.664,70.588,26.244,3.1674,76824.0,15645.0,9822.0,10062.0,468.0,174.0,21.0,3102.0,49.464,86646.0,92469.0,8790.0,663.0,39.447,38.205,40.773,35328.0,57141.0,51318.0
fa_mot_v3_smoke,7.0,unknown,/gemini/code/FMtrack-main/FM-Track/outputs/fa_mot_v3_smoke/train/eval_during_train/epoch_7/tracker/tracker_default/pedestrian_summary.txt,38.931,60.798,25.36,73.684,72.29,27.07,77.308,86.142,43.057,45.977,81.607,37.52,55.105,84.51,66.395,84.161,82.57,74.661,23.077,2.2624,77823.0,14646.0,16428.0,10440.0,495.0,153.0,15.0,3036.0,42.068,94251.0,92469.0,11643.0,663.0,38.335,38.705,37.973,35790.0,56679.0,58461.0
generalization_test_mot20,,MOT20,/gemini/code/FMtrack-main/FM-Track/outputs/generalization_test_mot20/evaluate/default/MOT20/train/checkpoint_30/tracker/tracker_default/pedestrian_summary.txt,14.836,21.329,10.697,22.043,72.267,11.578,55.263,78.349,15.139,19.326,72.272,13.967,24.446,74.494,27.584,29.043,95.217,3.9278,48.939,47.133,329528.0,805086.0,16553.0,35606.0,87.0,1084.0,1044.0,38055.0,17.038,346081.0,1134614.0,15070.0,2215.0,16.26,10.61,34.785,120384.0,1014230.0,225697.0
public_eval_mot17_train_ep28,,unknown,/gemini/code/FMtrack-main/FM-Track/outputs/public_eval_mot17_train_ep28/tracker/tracker_default/pedestrian_summary.txt,39.958,41.393,39.109,43.594,81.465,42.652,78.696,85.452,41.133,46.849,81.694,38.273,42.145,83.678,47.982,50.747,94.832,21.429,43.834,34.737,170963.0,165928.0,9316.0,19664.0,351.0,718.0,569.0,7354.0,33.862,180279.0,336891.0,12536.0,1638.0,45.295,34.767,64.969,117126.0,219765.0,63153.0
round1_minimal_change,0.0,unknown,/gemini/code/FMtrack-main/FM-Track/outputs/round1_minimal_change/train/eval_during_train/epoch_0_diagthr/tracker/tracker_default/pedestrian_summary.txt,5.1919,16.524,1.9283,38.843,20.137,3.1404,78.451,69.802,8.0565,8.1212,51.321,4.1679,-143.01,67.286,-103.65,44.621,23.132,15.966,48.739,35.294,42060.0,52200.0,139764.0,37101.0,57.0,174.0,126.0,5451.0,-157.61,181824.0,94260.0,160992.0,357.0,2.6774,3.9211,2.0327,3696.0,90564.0,178128.0
round1_minimal_change_3det_backup_20260111_142242,0.0,unknown,/gemini/code/FMtrack-main/FM-Track/outputs/round1_minimal_change_3det_backup_20260111_142242/train/eval_during_train/epoch_0_default/tracker/tracker_default/pedestrian_summary.txt,9.1167,21.538,3.9161,23.235,65.817,5.1281,57.077,80.386,9.4904,11.803,73.647,8.6928,4.8727,77.986,21.954,28.628,81.094,3.3613,43.697,52.941,26985.0,67275.0,6291.0,16101.0,12.0,156.0,189.0,4644.0,-1.4297,33276.0,94260.0,12993.0,357.0,9.3715,6.3399,17.959,5976.0,88284.0,27300.0
round1_minimal_change_3det_backup_20260111_142242,0.0,unknown,/gemini/code/FMtrack-main/FM-Track/outputs/round1_minimal_change_3det_backup_20260111_142242/train/eval_during_train/epoch_0_diagthr/tracker/tracker_default/pedestrian_summary.txt,5.1657,21.06,1.3517,48.656,25.238,1.6602,81.998,75.973,7.9103,7.1691,60.209,4.3164,-129.0,74.963,-78.775,57.008,29.57,28.571,46.218,25.21,53736.0,40524.0,127989.0,47346.0,102.0,165.0,90.0,4443.0,-143.28,181725.0,94260.0,161352.0,357.0,3.4045,4.9841,2.5852,4698.0,89562.0,177027.0
